-- --------------------------------------------------------
-- Host:                         127.0.0.1
-- Versión del servidor:         10.2.8-MariaDB - mariadb.org binary distribution
-- SO del servidor:              Win64
-- HeidiSQL Versión:             9.4.0.5125
-- --------------------------------------------------------

/*!40101 SET @OLD_CHARACTER_SET_CLIENT=@@CHARACTER_SET_CLIENT */;
/*!40101 SET NAMES utf8 */;
/*!50503 SET NAMES utf8mb4 */;
/*!40014 SET @OLD_FOREIGN_KEY_CHECKS=@@FOREIGN_KEY_CHECKS, FOREIGN_KEY_CHECKS=0 */;
/*!40101 SET @OLD_SQL_MODE=@@SQL_MODE, SQL_MODE='NO_AUTO_VALUE_ON_ZERO' */;

-- Volcando estructura para procedimiento qm.add_repuesto
DELIMITER //
CREATE DEFINER=`root`@`localhost` PROCEDURE `add_repuesto`(
	IN `id_inv` INT,
	IN `id_ot` INT,
	IN `cant` INT,
	IN `empresa` INT,
	IN `usuario` INT
)
begin

if not exists(select existencia from inventario where id = id_inv)
then
  select 'No Existe Repuesto' as mensaje;
  
 else
 
 	if exists ( select * from repuesto where id_inventario = id_inv ) 
  
    then
         
      UPDATE `qm`.`repuesto` SET `cantidad` = (`repuesto`.`cantidad` + 1) WHERE `repuesto`.`id_inventario` = id_inv; 
      
      
      
      select 'Se Agrego Cantidad' as mensaje;
    
    else
         
       insert into repuesto values ('', id_inv, id_ot, cant, empresa, usuario); 
       select 'Se Agregó Repuesto' as mensaje;
      
    end if;  
    
    UPDATE `qm`.`inventario` SET `existencia` = (`inventario`.`existencia` - 1) WHERE `inventario`.`id` = id_inv;
 
 end if;
 
end//
DELIMITER ;

-- Volcando estructura para tabla qm.categoria
CREATE TABLE IF NOT EXISTS `categoria` (
  `id` int(11) NOT NULL AUTO_INCREMENT,
  `nombre` varchar(255) NOT NULL,
  `admin` int(11) NOT NULL COMMENT 'este campo se utilizara siempre y cuando el usuario sea administrador',
  PRIMARY KEY (`id`)
) ENGINE=InnoDB DEFAULT CHARSET=latin1;

-- Volcando datos para la tabla qm.categoria: ~0 rows (aproximadamente)
/*!40000 ALTER TABLE `categoria` DISABLE KEYS */;
/*!40000 ALTER TABLE `categoria` ENABLE KEYS */;

-- Volcando estructura para tabla qm.cliente
CREATE TABLE IF NOT EXISTS `cliente` (
  `id` int(11) NOT NULL AUTO_INCREMENT,
  `id_empresa` int(11) NOT NULL,
  `nombres` varchar(255) NOT NULL,
  `tipo_cliente` varchar(255) NOT NULL,
  `identificacion` varchar(255) NOT NULL,
  `tipo_id` varchar(255) NOT NULL,
  `telefono` varchar(20) NOT NULL,
  `direccion` varchar(255) NOT NULL,
  `email` varchar(100) NOT NULL,
  `contacto_emergencia` varchar(20) NOT NULL,
  `activo` int(11) NOT NULL,
  `fecha_a` datetime DEFAULT NULL,
  PRIMARY KEY (`id`)
) ENGINE=InnoDB AUTO_INCREMENT=62 DEFAULT CHARSET=latin1;

-- Volcando datos para la tabla qm.cliente: ~16 rows (aproximadamente)
/*!40000 ALTER TABLE `cliente` DISABLE KEYS */;
INSERT INTO `cliente` (`id`, `id_empresa`, `nombres`, `tipo_cliente`, `identificacion`, `tipo_id`, `telefono`, `direccion`, `email`, `contacto_emergencia`, `activo`, `fecha_a`) VALUES
	(4, 1, 'Maria Lourdes Reyes', 'particular', '1213-895623-1254L', 'Cedula', '83801656', 'Memorial sandino', 'mlourdesreyes@gmail.com', '83805506', 1, '0000-00-00 00:00:00'),
	(7, 1, 'Merlyn Adan', 'particular', '0102-784512-5863K', 'Cedula', '5789456', 'memorial sandion', 'm.sobalvarro@gmail.com', '83805506', 1, '0000-00-00 00:00:00'),
	(14, 1, 'samuel', 'particular', 'ertyuikol;p', 'Pasaporte', '78945625', 'managua', 'mskanskn@lkjnkjn', '78945612', 1, '0000-00-00 00:00:00'),
	(15, 1, 'Juan Pablo Torrez', 'Pasaporte', 'DFGHJKLKYTRERTYUI', 'Otro documento', '78546546554', 'MANAGUA', 'EMPRESA@JBAKSJ', '456498749874', 1, '0000-00-00 00:00:00'),
	(18, 1, 'juan Mauricio', 'Particular', '7s465465s165', 'Pasaporte', '79946562', 'Nicaragua', 'email@gmail.com', '4561321978', 0, '0000-00-00 00:00:00'),
	(23, 1, 'Juana del Carmen Rosales', 'Particular', '345YHBF-5678IHGF-T5BHBG', 'Pasaporte', '878452152', 'COSTA RICA', 'ROSALES.123@EMAIL.COM', '87452368', 1, '0000-00-00 00:00:00'),
	(52, 1, 'prueba final', 'Particular', 'qwertyuiytrew', 'Pasaporte', 'qwertghjhgfdsa', '23456y7uijyhgfdsa', '345tyuhgfd@ioo.com', '23456765432', 1, '0000-00-00 00:00:00'),
	(53, 1, 'Josue bla bla', 'Particular', 'we45', 'Pasaporte', '234t5678', '12345678', '5678@i.oc', 'erg', 1, '0000-00-00 00:00:00'),
	(54, 2, 'Samuel Sobalvarro', 'Particular', '001-271098-1012J', 'Cedula', '83805506', 'Managua, Nicaragua', 'mssrsobalvarro1997@gmail.com', '83801656', 1, '0000-00-00 00:00:00'),
	(55, 1, 'Josue Otero', 'Particular', '021-J18JDU-2550', 'Pasaporte', '84525874', 'Managua, Nicaragua', 'josue.otero@email.com', '89562147', 0, '0000-00-00 00:00:00'),
	(56, 3, 'Samuel Sobalvarro', 'Particular', '001-271098-1012J', 'Cedula', '8380 5506', 'Managua, Nicaragua, Barrio Memorial Sandino, de la cancha 2/C al este, 1/C al norte', 'mssrsobalvarro1997@gmail.com', '8380 1656', 1, '0000-00-00 00:00:00'),
	(57, 1, 'Justin Bibergas', 'Particular', 'JK-8525-75212D', 'Pasaporte', '8745691', 'MANAGUA', 'justin@email.com', '78451236', 1, '0000-00-00 00:00:00'),
	(58, 1, 'Manuel Jose Guevara', 'Particular', 'MSG-58460-584', 'Cedula', '69584712', 'Managua, nicaragua', 'manue@email.com', '75486298', 1, '2017-06-29 23:00:02'),
	(59, 1, 'Hassel Silva :v', 'Particular', '001-12345-1012J', 'Otro documento', '89784521', 'Managua', 'hassel@email.com', '83805506', 0, '2017-07-11 22:27:16'),
	(60, 1, 'TDA', 'Empresa', 'TDA-001', 'Otro documento', '226698', 'TDA Managua', 'grupotda@thedataage.com', '8775784', 1, '2017-09-14 17:32:09'),
	(61, 1, 'Merlyn Sobalvarro', 'Particular', '202-080279-1234A', 'Cedula', '89956380', 'Managua', 'xtec.y@yahoo.com', '83805506', 1, '2017-09-24 21:34:30');
/*!40000 ALTER TABLE `cliente` ENABLE KEYS */;

-- Volcando estructura para tabla qm.descripcion_ot
CREATE TABLE IF NOT EXISTS `descripcion_ot` (
  `id` int(11) NOT NULL,
  `id_ot` int(11) NOT NULL,
  `descripcion` varchar(255) NOT NULL,
  PRIMARY KEY (`id`)
) ENGINE=InnoDB DEFAULT CHARSET=latin1;

-- Volcando datos para la tabla qm.descripcion_ot: ~0 rows (aproximadamente)
/*!40000 ALTER TABLE `descripcion_ot` DISABLE KEYS */;
/*!40000 ALTER TABLE `descripcion_ot` ENABLE KEYS */;

-- Volcando estructura para tabla qm.desc_usuario
CREATE TABLE IF NOT EXISTS `desc_usuario` (
  `id` int(11) NOT NULL AUTO_INCREMENT,
  `usuario` int(11) NOT NULL,
  `nombre` varchar(255) NOT NULL,
  `maquina` int(255) NOT NULL,
  PRIMARY KEY (`id`)
) ENGINE=InnoDB DEFAULT CHARSET=latin1;

-- Volcando datos para la tabla qm.desc_usuario: ~0 rows (aproximadamente)
/*!40000 ALTER TABLE `desc_usuario` DISABLE KEYS */;
/*!40000 ALTER TABLE `desc_usuario` ENABLE KEYS */;

-- Volcando estructura para tabla qm.empresa
CREATE TABLE IF NOT EXISTS `empresa` (
  `id` int(11) NOT NULL AUTO_INCREMENT,
  `nombre` varchar(255) NOT NULL,
  `logo` text NOT NULL,
  PRIMARY KEY (`id`)
) ENGINE=InnoDB AUTO_INCREMENT=4 DEFAULT CHARSET=latin1;

-- Volcando datos para la tabla qm.empresa: ~3 rows (aproximadamente)
/*!40000 ALTER TABLE `empresa` DISABLE KEYS */;
INSERT INTO `empresa` (`id`, `nombre`, `logo`) VALUES
	(1, 'Mi empresa', '3BB.jpg'),
	(2, 'samuel', '3BB.jpg'),
	(3, 'Macrosoft', 'cold-melting-thawing-winter-1600x900.jpg');
/*!40000 ALTER TABLE `empresa` ENABLE KEYS */;

-- Volcando estructura para tabla qm.fecha_cierre
CREATE TABLE IF NOT EXISTS `fecha_cierre` (
  `id` int(11) NOT NULL AUTO_INCREMENT,
  `dia` int(11) NOT NULL,
  `mes` int(11) NOT NULL,
  `ano` int(11) NOT NULL,
  `hora` int(11) NOT NULL,
  `minutos` int(11) NOT NULL,
  `mp` varchar(11) NOT NULL,
  `empresa` int(11) NOT NULL,
  `usuario` int(11) NOT NULL,
  PRIMARY KEY (`id`)
) ENGINE=InnoDB AUTO_INCREMENT=21 DEFAULT CHARSET=latin1;

-- Volcando datos para la tabla qm.fecha_cierre: ~14 rows (aproximadamente)
/*!40000 ALTER TABLE `fecha_cierre` DISABLE KEYS */;
INSERT INTO `fecha_cierre` (`id`, `dia`, `mes`, `ano`, `hora`, `minutos`, `mp`, `empresa`, `usuario`) VALUES
	(7, 19, 6, 17, 4, 35, 'PM', 1, 1),
	(8, 19, 6, 17, 4, 59, 'PM', 1, 1),
	(9, 19, 6, 17, 4, 59, 'PM', 1, 1),
	(10, 19, 6, 17, 4, 59, 'PM', 1, 1),
	(11, 20, 6, 17, 10, 39, 'PM', 1, 1),
	(12, 25, 6, 17, 6, 14, 'PM', 1, 1),
	(13, 25, 6, 17, 6, 16, 'PM', 1, 1),
	(14, 25, 6, 17, 6, 16, 'PM', 1, 1),
	(15, 25, 6, 17, 6, 23, 'PM', 1, 1),
	(16, 25, 6, 17, 8, 54, 'PM', 1, 1),
	(17, 25, 6, 17, 11, 7, 'PM', 1, 1),
	(18, 25, 6, 17, 11, 8, 'PM', 1, 1),
	(19, 25, 6, 17, 11, 8, 'PM', 1, 1),
	(20, 25, 6, 17, 11, 8, 'PM', 1, 1);
/*!40000 ALTER TABLE `fecha_cierre` ENABLE KEYS */;

-- Volcando estructura para procedimiento qm.generate_data_fact
DELIMITER //
CREATE DEFINER=`root`@`localhost` PROCEDURE `generate_data_fact`(
	IN `id_fact` BIGINT

)
BEGIN
	
	select inventario_facturado.num_fact, 
		inventario_facturado.fecha ,
		inventario.nombre as product_name,
		inventario.codigo as product_code, 
		inventario.descripcion as product_descript,
		inventario.precio as product_price,
		inventario_facturado.cantidad,
		inventario_facturado.iva
	from inventario_facturado, inventario 
	where inventario_facturado.num_fact = id_fact
		and inventario.id = inventario_facturado.id_inventario;
	
	
END//
DELIMITER ;

-- Volcando estructura para tabla qm.hora
CREATE TABLE IF NOT EXISTS `hora` (
  `id` int(11) NOT NULL AUTO_INCREMENT,
  `dia` int(11) NOT NULL,
  `mes` int(11) NOT NULL,
  `ano` int(11) NOT NULL,
  `hora` int(11) NOT NULL,
  `minutos` int(11) NOT NULL,
  `mp` varchar(5) NOT NULL,
  `empresa` int(11) NOT NULL,
  `usuario` int(11) NOT NULL,
  PRIMARY KEY (`id`)
) ENGINE=InnoDB AUTO_INCREMENT=162 DEFAULT CHARSET=latin1;

-- Volcando datos para la tabla qm.hora: ~6 rows (aproximadamente)
/*!40000 ALTER TABLE `hora` DISABLE KEYS */;
INSERT INTO `hora` (`id`, `dia`, `mes`, `ano`, `hora`, `minutos`, `mp`, `empresa`, `usuario`) VALUES
	(156, 11, 6, 17, 7, 35, 'PM', 1, 1),
	(157, 11, 6, 17, 7, 40, 'PM', 1, 1),
	(158, 12, 6, 17, 7, 57, 'AM', 1, 1),
	(159, 12, 6, 17, 7, 58, 'AM', 1, 1),
	(160, 12, 6, 17, 7, 59, 'AM', 1, 1),
	(161, 18, 6, 17, 7, 18, 'PM', 1, 1);
/*!40000 ALTER TABLE `hora` ENABLE KEYS */;

-- Volcando estructura para tabla qm.inventario
CREATE TABLE IF NOT EXISTS `inventario` (
  `id` int(11) NOT NULL AUTO_INCREMENT,
  `nombre` varchar(255) NOT NULL,
  `codigo` varchar(255) NOT NULL,
  `descripcion` varchar(255) NOT NULL,
  `precio` int(11) NOT NULL,
  `existencia` int(11) NOT NULL,
  `categoria` int(11) NOT NULL,
  `empresa` int(11) NOT NULL,
  `activo` int(11) NOT NULL,
  PRIMARY KEY (`id`)
) ENGINE=InnoDB AUTO_INCREMENT=776 DEFAULT CHARSET=latin1;

-- Volcando datos para la tabla qm.inventario: ~773 rows (aproximadamente)
/*!40000 ALTER TABLE `inventario` DISABLE KEYS */;
INSERT INTO `inventario` (`id`, `nombre`, `codigo`, `descripcion`, `precio`, `existencia`, `categoria`, `empresa`, `activo`) VALUES
	(1, 'Frenos ABS', '1', 'frenos para pulsar 200RS', 201, -1, 0, 1, 0),
	(3, 'Zapatas de frenos', '2', 'Zapatas de freno para platina, discover, boxer', 125, 0, 0, 1, 0),
	(4, 'Lamparas de freno Pulsar', '25410', 'Lamparas de Freno para moto Pulsar 150, 180, 220', 750, 0, 0, 1, 0),
	(5, 'Gato Liebre', '2568', 'No hay descripciÃ³n', 785, 0, 0, 1, 0),
	(6, 'palanca de frenos', '15844', 'No hay descripciÃ³n', 150, 0, 0, 1, 0),
	(7, 'llantas delanteras', '487589', 'Llantas firestone tamaÃ±o 21', 1500, 0, 0, 1, 0),
	(8, 'Camisa Corta', '2025L', 'Generico, Alterno', 100, 2, 0, 1, 0),
	(9, 'LLAVE DE BUJ?A', '107', 'ACCESORIOS', 325, 149, 0, 1, 0),
	(10, 'BALANCEADOR EXTRACTOR DE COJINETES', '107', 'ACCESORIOS', 325, 22, 0, 1, 1),
	(11, 'SUJETADOR DE VOLANTE', '110', 'ACCESORIOS', 1500, 2, 0, 1, 1),
	(12, 'HERRAMIENTA EXTRACTOR DE VALVULAS', '112', 'ACCESORIOS', 550, 4, 0, 1, 1),
	(13, 'HERRAMIENTA PARA INSTALAR SELLOS DE TENE', '01P110', 'PARALELO', 11, 325, 0, 1, 1),
	(14, 'ESTRACTOR REMOVEDOR DEL TENEDOR DELANTER', '01P39', 'PARALELO', 11, 7, 0, 1, 1),
	(15, 'LLAVE DE CONTRATUERCA DE POSTE', '02K113', 'GENUINO BAJAJ 3R', 11, 94, 0, 1, 1),
	(16, 'INSTALADOR T-0021330', '02K115F', 'GENUINO BAJAJ 3R', 11, 1, 0, 1, 1),
	(17, 'EXTRACTOR CUNA COJINETES DIRECCION', '02K140', 'GENUINO BAJAJ 3R', 11, 25, 0, 1, 1),
	(18, 'MANILLAR CILINDRO DELANTERO ( XCD)', '02K150', 'GENUINO BAJAJ 3R', 11, 0, 0, 1, 1),
	(19, 'INSTALADOR DE RETENEDOR DE AMORTIGUADOR', '02K173', 'GENUINO BAJAJ 3R', 11, 7, 0, 1, 1),
	(20, 'MEDIDOR BOMBA DE GASOLINA', '02K188', 'GENUINO BAJAJ 3R', 11, 8, 0, 1, 1),
	(21, 'MEDIDOR PRESION DE MOTOR', '02K222', 'GENUINO BAJAJ 3R', 11, 81, 0, 1, 1),
	(22, 'MEDIDOR PRESION BOMBA DE GASOLINA', '02K226', 'GENUINO BAJAJ 3R', 11, 24, 0, 1, 1),
	(23, 'SOPORTE DE LLANTA TRASERA', '02K278', 'GENUINO BAJAJ 3R', 11, 44, 0, 1, 1),
	(24, 'LLAVE ALLEN PARA TORNILLO 14MM', '03M215', 'GENUINO BAJAJ 3R', 11, 5, 0, 1, 1),
	(25, 'EXTRACTOR DE BUJIA', '03M217', 'GENUINO BAJAJ 3R', 11, 8, 0, 1, 1),
	(26, 'ALICATE', '03M218', 'GENUINO BAJAJ 3R', 11, -1, 0, 1, 1),
	(27, 'TRANSPORTADOR DE PIEZAS', '03M248', 'GENUINO BAJAJ 3R', 11, 24, 0, 1, 1),
	(28, 'EXTRACTOR DE BUJIA', '03M281LA', 'GENUINO BAJAJ 3R', 11, 54, 0, 1, 1),
	(29, 'TORNILLO HEXAGONAL M5', '03M286LA', 'GENUINO BAJAJ 3R', 11, 10, 0, 1, 1),
	(30, 'TORNILLO HEXAGONAL', '03M287', 'GENUINO BAJAJ 3R', 11, 1, 0, 1, 1),
	(31, 'TORNILLO HEXAGONAL', '03M297LA', 'GENUINO BAJAJ 3R', 11, 1, 0, 1, 1),
	(32, 'SEGURO', '03M371LA', 'GENUINO BAJAJ 3R', 11, 4, 0, 1, 1),
	(33, 'ARANDELA PLANA', '03M419LA', 'GENUINO BAJAJ 3R', 11, 1, 0, 1, 1),
	(34, 'ARANDELA PLANA', '04Q153A', 'GENUINO BAJAJ 3R', 11, 172, 0, 1, 1),
	(35, 'ARANDELA PLANA', '04Q156M', 'GENUINO BAJAJ 3R', 11, 5, 0, 1, 1),
	(36, 'ARANDELA PLANA', '04Q162C', 'GENUINO BAJAJ 3R', 11, 1, 0, 1, 1),
	(37, 'ARANDELA PLANA', '04Q166A', 'GENUINO BAJAJ 3R', 11, 0, 0, 1, 1),
	(38, 'ARANDELA PLANA', '05X46', 'GENUINO BAJAJ 3R', 11, 19, 0, 1, 1),
	(39, 'ARANDELA PLANA', '05X86', 'GENUINO BAJAJ 3R', 11, 9, 0, 1, 1),
	(40, 'ARANDELA DE PRESION', '05X87', 'GENUINO BAJAJ 3R', 11, 0, 0, 1, 1),
	(41, 'TUERCA M8X1.25', '05X88', 'GENUINO BAJAJ 3R', 11, 59, 0, 1, 1),
	(42, 'TUERCA HEXAGONAL M5 X 0.8', '100.007-BK', 'GENUINO BAJAJ 3R', 11, 1, 0, 1, 1),
	(43, 'TUERCA HEXAGONAL M6X1', '100.008-BK', 'GENUINO BAJAJ 3R', 11, 2, 0, 1, 1),
	(44, 'TUERCA HEXAGONAL M10', '100.009-BK', 'GENUINO BAJAJ 3R', 11, 18, 0, 1, 1),
	(45, 'TUERCA M14X1.5', '100.037-BK', 'GENUINO BAJAJ 3R', 11, 43, 0, 1, 1),
	(46, 'TUERCA M8', '100.038-BK', 'GENUINO BAJAJ 3R', 11, 16, 0, 1, 1),
	(47, 'TUERCA M5X0.8', '100.039-BK', 'GENUINO BAJAJ 3R', 11, 21, 0, 1, 1),
	(48, 'SEGURO INTERNO', '100.043-BK', 'GENUINO BAJAJ 3R', 11, 8, 0, 1, 1),
	(49, 'TUERCA M10', '100.049-BK', 'GENUINO BAJAJ 3R', 11, 0, 0, 1, 1),
	(50, 'PIN DE SELECTOR', '100.050-BK', 'GENUINO BAJAJ 3R', 11, 5, 0, 1, 1),
	(51, 'PIN', '100.067-BK', 'GENUINO BAJAJ 3R', 11, 5, 0, 1, 1),
	(52, 'TORNILLO HEXAGONAL', '100.068-BK', 'GENUINO BAJAJ 3R', 11, 17, 0, 1, 1),
	(53, 'ARANDELA PLANA', '100.096-BK', 'GENUINO BAJAJ 3R', 11, 30, 0, 1, 1),
	(54, 'TUERCA', '100.096-BK-BK', 'GENUINO BAJAJ 3R', 11, 1, 0, 1, 1),
	(55, 'PIN', '100.096-BL', 'GENUINO BAJAJ 3R', 11, 2, 0, 1, 1),
	(56, 'TORNILLO', '100.096-GR', 'GENUINO BAJAJ 3R', 11, 0, 0, 1, 1),
	(57, 'SEGURO', '100.096-OR', 'GENUINO BAJAJ 3R', 11, 7, 0, 1, 1),
	(58, 'ESPARRAGO', '100522955-YLGR-M', 'GENUINO BAJAJ 3R', 11, 3, 0, 1, 1),
	(59, 'TUERCA HEXAGONAL M8X1.25', '100522956-YLGR-L', 'GENUINO BAJAJ 3R', 11, 17, 0, 1, 1),
	(60, 'ARANDELA  PLANA', '100522957-YLGR-XL', 'GENUINO BAJAJ 3R', 11, 0, 0, 1, 1),
	(61, 'TORNILLO M5', '100522965-ORGR-M', 'GENUINO BAJAJ 3R', 11, 1800, 0, 1, 1),
	(62, 'ARANDELA PLANA', '100522966-ORGR-L', 'GENUINO BAJAJ 3R', 11, 1, 0, 1, 1),
	(63, 'TORNILLO BASE DE MANECILLA M6X1', '100522967-ORGR-XL', 'GENUINO BAJAJ 3R', 11, 13, 0, 1, 1),
	(64, 'ARANDELA DE PRESION', '100600306-WT-RD-L', 'GENUINO BAJAJ 3R', 11, 14, 0, 1, 1),
	(65, 'ARANDELA NO METALICA', '100600307-WT-RD-XL', 'GENUINO BAJAJ 3R', 11, 17, 0, 1, 1),
	(66, 'TORNILLO M6', '100600308-WBR-XXL', 'GENUINO BAJAJ 3R', 11, 10, 0, 1, 1),
	(67, 'TORNILLO M6', '100601205-WHRD-M', 'GENUINO BAJAJ 3R', 11, 0, 0, 1, 1),
	(68, 'TORNILLO M5', '100601206-WHRD-L', 'GENUINO BAJAJ 3R', 11, 19, 0, 1, 1),
	(69, 'TORNILLO M6X1', '100601207-WHRD-XL', 'GENUINO BAJAJ 3R', 11, 14, 0, 1, 1),
	(70, 'ARANDELA DE PRESI?N', '100601208-WHRD-XXL', 'GENUINO BAJAJ 3R', 11, 5, 0, 1, 1),
	(71, 'ARANDELA DE PRESI?N', '100602416-BK-L', 'GENUINO BAJAJ 3R', 11, 0, 0, 1, 1),
	(72, 'TUERCA HEXAGONAL M20X1', '100602417-BK-XL', 'GENUINO BAJAJ 3R', 11, 32, 0, 1, 1),
	(73, 'ARANDELA PLANA', '100602418-BK-XXL', 'GENUINO BAJAJ 3R', 11, 21, 0, 1, 1),
	(74, 'ARANDELAN PEDAL DE FRENO', '100602537-WH-G-XL', 'GENUINO BAJAJ 3R', 11, 7, 0, 1, 1),
	(75, 'SEGURO', '100606206-BKRD-L', 'GENUINO BAJAJ 3R', 11, 1, 0, 1, 1),
	(76, 'PIN', '100606207-BKRD-XL', 'GENUINO BAJAJ 3R', 11, 45, 0, 1, 1),
	(77, 'TUERCA HEXAGONAL M6', '100606208-BKRD-XXL', 'GENUINO BAJAJ 3R', 11, 413, 0, 1, 1),
	(78, 'TUERCA CLUTCH M6X1', '100607506-WBR-L', 'GENUINO BAJAJ 3R', 11, 12, 0, 1, 1),
	(79, 'TORNILLO M4', '100607507-WBR-XL', 'GENUINO BAJAJ 3R', 11, 44, 0, 1, 1),
	(80, 'ARANDELA DE PRESI?N', '100607508-WBR-XXL', 'GENUINO BAJAJ 3R', 11, 90, 0, 1, 1),
	(81, 'TUERCA', '100607516-BKGR-L', 'GENUINO BAJAJ 3R', 11, 83, 0, 1, 1),
	(82, 'TUERCA M5X0.5', '100607517-BKGR-XL', 'GENUINO BAJAJ 3R', 11, 1, 0, 1, 1),
	(83, 'TORNILLO M10', '100607518-BKGR-XXL', 'GENUINO BAJAJ 3R', 11, 0, 0, 1, 1),
	(84, 'TORNILLO HEXAGONAL', '100624806-WHBL-L', 'GENUINO BAJAJ 3R', 11, 24, 0, 1, 1),
	(85, 'TUERCA M10X1.25', '100624807-WHBL-XL', 'GENUINO BAJAJ 3R', 11, 11, 0, 1, 1),
	(86, 'SEGURO DE PISTON', '100624808-WHBL-XXL', 'GENUINO BAJAJ 2R', 11, 2, 0, 1, 1),
	(87, 'SEGURO EXTERNO DE EJE', '100630606-WHOG-L', 'GENUINO BAJAJ 3R', 11, 184, 0, 1, 1),
	(88, 'TUERCA HEXAGONAL M8X1.5', '100630607-WHOG-XL', 'GENUINO BAJAJ 3R', 11, 8, 0, 1, 1),
	(89, 'SEGURO DE ESPROCKET DELANTERO', '100630608-WHOG-XXL', 'GENUINO BAJAJ 3R', 11, 125, 0, 1, 1),
	(90, 'PIN', '101.002-BK', 'GENUINO BAJAJ 3R', 11, 146, 0, 1, 1),
	(91, 'PIN GU?A DE CILINDRO', '101.003-BK', 'GENUINO BAJAJ 3R', 11, 16, 0, 1, 1),
	(92, 'COJINETE DE AGUJAS', '101.015-BK', 'GENUINO BAJAJ 3R', 11, 2, 0, 1, 1),
	(93, 'ESPARRAGO DE CULATA', '101.016-BK', 'GENUINO BAJAJ 3R', 11, 39, 0, 1, 1),
	(94, 'O-RING', '101.025-BK', 'GENUINO BAJAJ 2R', 11, 30, 0, 1, 1),
	(95, 'O-RING', '101.025-GR', 'GENUINO BAJAJ 2R', 11, 8, 0, 1, 1),
	(96, 'O-RING', '101.025-OR', 'GENUINO BAJAJ 3R', 11, 17, 0, 1, 1),
	(97, 'O-RING', '101.025-RD', 'GENUINO BAJAJ 3R', 11, 140, 0, 1, 1),
	(98, 'PIN CANASTA DE CLUTCH', '101.025-WT', 'GENUINO BAJAJ 3R', 11, 17, 0, 1, 1),
	(99, 'RETENEDOR DE VALVULAS', '101.025-YL', 'GENUINO BAJAJ 3R', 11, 9, 0, 1, 1),
	(100, 'RETENEDOR', '101.025-YW', 'GENUINO BAJAJ 2R', 11, 26, 0, 1, 1),
	(101, 'RETENEDOR DE PLANTA', '101.028-GR-LH', 'GENUINO BAJAJ 2R', 11, 4, 0, 1, 1),
	(102, 'RETENEDOR', '101.028-GR-RH', 'GENUINO BAJAJ 3R', 11, 34, 0, 1, 1),
	(103, 'RETENEDOR', '101.028-OR-LH', 'GENUINO BAJAJ 2R', 11, 0, 0, 1, 1),
	(104, 'TUERCA HEXAGONAL M14', '101.028-OR-RH', 'GENUINO BAJAJ 2R', 11, 6, 0, 1, 1),
	(105, 'ARANDELA PLANA', '101.028-RD-LH', 'GENUINO BAJAJ 3R', 11, 113, 0, 1, 1),
	(106, 'TUERCA HEXAGONAL M10', '101.028-RD-RH', 'GENUINO BAJAJ 2R', 11, 317, 0, 1, 1),
	(107, 'TORNILLO', '101.028-YL-LH', 'GENUINO BAJAJ 2R', 11, 7, 0, 1, 1),
	(108, 'TORNILLO', '101.028-YL-RH', 'GENUINO BAJAJ 3R', 11, 0, 0, 1, 1),
	(109, 'TORNILLO HEXAGONAL', '101.041-BK', 'GENUINO BAJAJ 3R', 11, 28, 0, 1, 1),
	(110, 'TORNILLO', '101.041-BL', 'GENUINO BAJAJ 2R', 11, 64, 0, 1, 1),
	(111, 'TORNILLO', '101.042-BK', 'GENUINO BAJAJ 2R', 11, 1, 0, 1, 1),
	(112, 'TORNILLO HEXAGONAL', '101.042-BL', 'GENUINO BAJAJ 2R', 11, 72, 0, 1, 1),
	(113, 'RETENEDOR', '101.042-GR', 'GENUINO BAJAJ 2R', 11, 39, 0, 1, 1),
	(114, 'ARANDELA PLANA', '101.043-OR', 'GENUINO BAJAJ 2R', 11, 8, 0, 1, 1),
	(115, 'TUERCA DE FLECHA', '101.043-YL', 'GENUINO BAJAJ 2R', 11, 4, 0, 1, 1),
	(116, 'TORNILLO M6', '102.001-BK', 'GENUINO BAJAJ 2R', 11, 0, 0, 1, 1),
	(117, 'ARANDELA PLANA', '102.002-FP', 'GENUINO BAJAJ 2R', 11, 0, 0, 1, 1),
	(118, 'COJINETE DE BALINES 20X42X12', '102.009-BK', 'GENUINO BAJAJ 3R', 11, 7, 0, 1, 1),
	(119, 'TUERCA HEXAGONAL M10', '104.001-FP', 'GENUINO BAJAJ 2R', 11, 33, 0, 1, 1),
	(120, 'O-RING TAPADERA DE VALVULA', '104.011-BK', 'GENUINO BAJAJ 3R', 11, 1426, 0, 1, 1),
	(121, 'O-RING TAPADERA CADENA DE TIEMPO', '104.012-BK', 'GENUINO BAJAJ 2R', 11, 8, 0, 1, 1),
	(122, 'O-RING', '104.012-GR', 'GENUINO BAJAJ 2R', 11, 278, 0, 1, 1),
	(123, 'ARANDELA PLANA', '104.017-BK', 'GENUINO BAJAJ 2R', 11, 1, 0, 1, 1),
	(124, 'COJINETE DE BALINES 25X62X17', '104.017-OR', 'GENUINO BAJAJ 2R', 11, 39, 0, 1, 1),
	(125, 'TUERCA DE AMORTIGUADOR M10X1.25', '106.001-BK', 'GENUINO BAJAJ 2R', 11, 0, 0, 1, 1),
	(126, 'COJINETE  12 X 32 X 10 RS1', '106.003-FP', 'GENUINO BAJAJ 2R', 11, 0, 0, 1, 1),
	(127, 'TORNILLO HEXAGONAL', '106.004-BK', 'GENUINO BAJAJ 2R', 11, 61, 0, 1, 1),
	(128, 'TORNILLO HEXAGONAL', '106.010-BK', 'GENUINO BAJAJ 2R', 11, 12, 0, 1, 1),
	(129, 'COJINETE DE AGUJAS', '107.002-BK', 'GENUINO BAJAJ 2R', 11, 23, 0, 1, 1),
	(130, 'ESPARRAGO M6X1', '107.003-BK', 'GENUINO BAJAJ 2R', 11, 1, 0, 1, 1),
	(131, 'COJINETE 20 X 47 X 1', '107.018-FP', 'GENUINO BAJAJ 2R', 11, 2, 0, 1, 1),
	(132, 'TORNILLO M5', '107.020-BK', 'GENUINO BAJAJ 2R', 11, 2, 0, 1, 1),
	(133, 'O-RING', '108.009-BK', 'GENUINO BAJAJ 2R', 11, 18, 0, 1, 1),
	(134, 'ROLDANA', '108.037-FP', 'GENUINO BAJAJ 2R', 11, 32, 0, 1, 1),
	(135, 'O-RING', '108.038-FP', 'GENUINO BAJAJ 2R', 11, 1, 0, 1, 1),
	(136, 'TORNILLO M6', '110.042-BK', 'GENUINO BAJAJ 2R', 11, 0, 0, 1, 1),
	(137, 'TORNILLO M6', '111.014-FP', 'GENUINO BAJAJ 2R', 11, 8, 0, 1, 1),
	(138, 'TORNILLO', '111.015-FP', 'GENUINO BAJAJ 2R', 11, 2, 0, 1, 1),
	(139, 'O-RING TAPON DE ACEITE', '111.016-FP', 'GENUINO BAJAJ 2R', 11, 2, 0, 1, 1),
	(140, 'O-RING', '11195RFFLSPKT43Z', 'GENUINO BAJAJ 2R', 11, 0, 0, 1, 1),
	(141, 'ARANDELA DE ESPARRAGO DE CILINDRO', '112.001-BK', 'GENUINO BAJAJ 2R', 11, 0, 0, 1, 1),
	(142, 'RETENEDOR DE PLANTA  25X40X5', '112.001-BL', 'GENUINO BAJAJ 2R', 11, 330, 0, 1, 1),
	(143, 'TUERCA DE ESPARRAGO M6', '112.001-GR', 'GENUINO BAJAJ 2R', 11, 0, 0, 1, 1),
	(144, 'O-RING', '112.001-OR', 'GENUINO BAJAJ 2R', 11, 8, 0, 1, 1),
	(145, 'ARANDELA PLANA', '112.001-RD', 'GENUINO BAJAJ 2R', 11, 14, 0, 1, 1),
	(146, 'ARANDELA "6"', '112.001-WT', 'GENUINO BAJAJ 2R', 11, -1, 0, 1, 1),
	(147, 'O-RING TAPADERA DE FILTRO', '112.001-YL', 'GENUINO BAJAJ 2R', 11, 1, 0, 1, 1),
	(148, 'TORNILLO M6X16', '112.001-YW', 'GENUINO BAJAJ 2R', 11, 13, 0, 1, 1),
	(149, 'TORNILLO M6X1X20L', '112.006-GR', 'GENUINO BAJAJ 2R', 11, 1, 0, 1, 1),
	(150, 'TORNILLO M6X25', '112.007-GR', 'GENUINO BAJAJ 2R', 11, 19, 0, 1, 1),
	(151, 'TORNILLO M6', '112.007-WT', 'GENUINO BAJAJ 2R', 11, 5, 0, 1, 1),
	(152, 'GUIA', '112.011-BL', 'GENUINO BAJAJ 2R', 11, 34, 0, 1, 1),
	(153, 'TORNILLO M6', '112.011-GR', 'GENUINO BAJAJ 3R', 11, 25, 0, 1, 1),
	(154, 'PIN', '112.011-OR', 'GENUINO BAJAJ 2R', 11, 3, 0, 1, 1),
	(155, 'TAPA DE TUERCA M6', '112.011-RD', 'GENUINO BAJAJ 3R', 11, 121, 0, 1, 1),
	(156, 'RETENEDOR', '112.011-WT', 'GENUINO BAJAJ 2R', 11, 4, 0, 1, 1),
	(157, 'ESPARRAGO DE CILINDRO', '112.011-YL', 'GENUINO BAJAJ 2R', 11, 59, 0, 1, 1),
	(158, 'COJINETE DE BALINES', '11233RFFLSPKT54Z', 'GENUINO BAJAJ 2R', 11, 2, 0, 1, 1),
	(159, 'RETENEDOR', '11240RFFLSPKT38Z', 'GENUINO BAJAJ 2R', 11, 132, 0, 1, 1),
	(160, 'RETENEDOR DE GUSANO DE CLUTCH', '11297RFFLSPKT41Z', 'GENUINO BAJAJ 2R', 11, 8, 0, 1, 1),
	(161, 'TUERCA', '113.001-BK', 'GENUINO BAJAJ 3R', 11, 7, 0, 1, 1),
	(162, 'O-RING DE MANIFULL', '113.001-GR', 'GENUINO BAJAJ 3R', 11, 26, 0, 1, 1),
	(163, 'TORNILLO 6X55', '113.001-OR', 'GENUINO BAJAJ 2R', 11, 35, 0, 1, 1),
	(164, 'ARANDELA PLANA', '113.001-RD', 'GENUINO BAJAJ 2R', 11, 1, 0, 1, 1),
	(165, 'TORNILLO M8X1.25', '113.001-WT', 'GENUINO BAJAJ 2R', 11, 12, 0, 1, 1),
	(166, 'TORNILLO 4X14', '113.002-BK', 'GENUINO BAJAJ 2R', 11, 17, 0, 1, 1),
	(167, 'O-RING TENSOR CADENA DE TIEMPO', '113.002-GR', 'GENUINO BAJAJ 3R', 11, 40, 0, 1, 1),
	(168, 'TORNILLO M6', '113.002-OR', 'GENUINO BAJAJ 2R', 11, 39, 0, 1, 1),
	(169, 'O-RING', '113.002-RD', 'GENUINO BAJAJ 2R', 11, 61, 0, 1, 1),
	(170, 'ARANDELA DE PRESION', '113.003-BK', 'GENUINO BAJAJ 2R', 11, 0, 0, 1, 1),
	(171, 'ARANDELA DE PRESION', '113.003-GR', 'GENUINO BAJAJ 2R', 11, 1, 0, 1, 1),
	(172, 'ARANDELA DE PRESION', '113.003-OR', 'GENUINO BAJAJ 2R', 11, 0, 0, 1, 1),
	(173, 'ARANDELA', '113.003-RD', 'GENUINO BAJAJ 3R', 11, 0, 0, 1, 1),
	(174, 'TORNILLO HEXAGONAL', '113.003-WT', 'GENUINO BAJAJ 2R', 11, 0, 0, 1, 1),
	(175, 'RETENEDOR', '113.004-BK', 'GENUINO BAJAJ 2R', 11, 7, 0, 1, 1),
	(176, 'TORNILLO', '113.004-GR', 'GENUINO BAJAJ 2R', 11, 33, 0, 1, 1),
	(177, 'RETENEDOR', '113.004-OR', 'GENUINO BAJAJ 2R', 11, 7, 0, 1, 1),
	(178, 'COJINETE DE BALINES 20X52X15', '113.004-RD', 'GENUINO BAJAJ 2R', 11, 343, 0, 1, 1),
	(179, 'RETENEDOR 15X24X5', '113.004-WH', 'GENUINO BAJAJ 2R', 11, 262, 0, 1, 1),
	(180, 'RETENEDOR 33X50X6.5', '113.004-WT', 'GENUINO BAJAJ 2R', 11, 0, 0, 1, 1),
	(181, 'ESPARRAGO DE CULATA M6', '115.007-BK', 'GENUINO BAJAJ 2R', 11, 318, 0, 1, 1),
	(182, 'COJINETE 15X32X9(6002-C3)', '115.008-BK', 'GENUINO BAJAJ 2R', 11, 26, 0, 1, 1),
	(183, 'TUERCA DE PUNTA DE CIG?E?AL', '115.009-BK', 'GENUINO BAJAJ 2R', 11, 9, 0, 1, 1),
	(184, 'TORNILLO M5', '115.010-BK', 'GENUINO BAJAJ 2R', 11, 0, 0, 1, 1),
	(185, 'TORNILLO M6', '115.011-BK', 'GENUINO BAJAJ 2R', 11, 4, 0, 1, 1),
	(186, 'RETENEDOR LADO DE MAGNETO', '125BIT01-01', 'GENUINO BAJAJ 2R', 11, 40, 0, 1, 1),
	(187, 'COJINETES DE BALINES', '125BIT01-02', 'GENUINO BAJAJ 2R', 11, 5, 0, 1, 1),
	(188, 'TUERCA M16', '125BIT01-06', 'GENUINO BAJAJ 2R', 11, 40, 0, 1, 1),
	(189, 'TORNILLO M8', '125BIT01-08', 'GENUINO BAJAJ 2R', 11, 11, 0, 1, 1),
	(190, 'TORNILLO FILTRO DE AIRE', '125BIT01-09', 'GENUINO BAJAJ 2R', 11, 10, 0, 1, 1),
	(191, 'ELECTROLITO', '125BIT01-10', 'GENUINO BAJAJ 2R', 11, 4, 0, 1, 1),
	(192, 'TANQUE GASOLINA', '125BIT01-13', 'GENUINO BAJAJ 2R', 11, 1, 0, 1, 1),
	(193, 'TAPON TANQUE DE GASOLINA', '125BIT01-14', 'GENUINO BAJAJ 2R', 11, 13, 0, 1, 1),
	(194, 'EMPAQUE DE TAP?N DE TANQUE', '125BIT01-15', 'GENUINO BAJAJ 2R', 11, 11, 0, 1, 1),
	(195, 'FILTRO DE GASOLINA', '125BIT01-16', 'GENUINO BAJAJ 2R', 11, 1, 0, 1, 1),
	(196, 'SEGURO', '125BIT01-17', 'GENUINO BAJAJ 2R', 11, 49, 0, 1, 1),
	(197, 'BASE', '125BIT01-18', 'GENUINO BAJAJ 2R', 11, 70, 0, 1, 1),
	(198, 'BASE', '125BIT01-19', 'GENUINO BAJAJ 2R', 11, 44, 0, 1, 1),
	(199, 'ARO DELANTERO', '125BIT01-20', 'GENUINO BAJAJ 2R', 11, 48, 0, 1, 1),
	(200, 'VALVULA DE LLANTA', '125BIT01-21', 'GENUINO BAJAJ 2R', 11, 44, 0, 1, 1),
	(201, 'DISCO DE FRENO', '125BIT01-22', 'GENUINO BAJAJ 2R', 11, 35, 0, 1, 1),
	(202, 'LLANTA COMPLETA', '125BIT01-24', 'GENUINO BAJAJ 2R', 11, 82, 0, 1, 1),
	(203, 'PASTILLAS DE FRENO', '125BIT01-25', 'GENUINO BAJAJ 2R', 11, 731, 0, 1, 1),
	(204, 'ARANDELA', '125BIT01-26', 'GENUINO BAJAJ 2R', 11, 4, 0, 1, 1),
	(205, 'TORNILLOS', '125BIT01-27', 'GENUINO BAJAJ 2R', 11, 44, 0, 1, 1),
	(206, 'ARANDELA', '125BIT02-01', 'GENUINO BAJAJ 2R', 11, 166, 0, 1, 1),
	(207, 'TORNILLOS', '125BIT02-02', 'GENUINO BAJAJ 2R', 11, 4, 0, 1, 1),
	(208, 'TAPADERA FILTRO DE AIRE', '125BIT02-03', 'GENUINO BAJAJ 2R', 11, 15, 0, 1, 1),
	(209, 'ELEMENTO FILTRO DE AIRE', '125BIT02-04', 'GENUINO BAJAJ 2R', 11, 152, 0, 1, 1),
	(210, 'TAPADERA FILTRO DE AIRE', '125BIT02-05', 'GENUINO BAJAJ 2R', 11, 28, 0, 1, 1),
	(211, 'FILTRO AIRE COMPLETO', '125BIT02-06', 'GENUINO BAJAJ 3R', 11, 6, 0, 1, 1),
	(212, 'CHASIS', '125BIT02-07', 'GENUINO BAJAJ 2R', 11, 25, 0, 1, 1),
	(213, 'PATA LATERAL', '125BIT02-10', 'GENUINO BAJAJ 3R', 11, 301, 0, 1, 1),
	(214, 'RESORTE', '125BIT02-11', 'GENUINO BAJAJ 3R', 11, 16, 0, 1, 1),
	(215, 'RESORTE DE PATA DOBLE', '125BIT02-13', 'GENUINO BAJAJ 3R', 11, 58, 0, 1, 1),
	(216, 'PATA DOBLE', '125BIT02-15', 'GENUINO BAJAJ 3R', 11, 86, 0, 1, 1),
	(217, 'TUERCA', '125BIT02-16', 'GENUINO BAJAJ 3R', 11, 0, 0, 1, 1),
	(218, 'EJE DE MULETA', '125BIT03-01', 'GENUINO BAJAJ 2R', 11, 1, 0, 1, 1),
	(219, 'KIT DE HERRAMIENTAS', '125BIT03-02', 'GENUINO BAJAJ 2R', 11, 0, 0, 1, 1),
	(220, 'COBERTOR DE VENTILADOR', '125BIT03-03', 'GENUINO BAJAJ 2R', 11, 4, 0, 1, 1),
	(221, 'COBERTOR  SUPERIOR DE CILINDRO SGY6-101', '125BIT03-04', 'GENUINO BAJAJ 2R', 11, 1, 0, 1, 1),
	(222, 'EMPAQUE TAPADERA DE CULATA', '125BIT03-05', 'GENUINO BAJAJ 2R', 11, 4, 0, 1, 1),
	(223, 'COBERTOR INFERIOR DE MOTOR', '125BIT03-06', 'GENUINO BAJAJ 2R', 11, 0, 0, 1, 1),
	(224, 'TAPON DE COBERTOR DE MOTOR', '125BIT03-07', 'GENUINO BAJAJ 2R', 11, 10, 0, 1, 1),
	(225, 'DUCTO', '125BIT03-08', 'GENUINO BAJAJ 2R', 11, 236, 0, 1, 1),
	(226, 'TAPADERA DE CULATA SGY6-1010200', '125BIT03-09', 'GENUINO BAJAJ 2R', 11, 1, 0, 1, 1),
	(227, 'EMPAQUE  COBERTOR DE CULATA SGY6-101020', '125BIT03-10', 'GENUINO BAJAJ 2R', 11, 1, 0, 1, 1),
	(228, 'TORNILLO DE CULATA', '125BIT03-13', 'GENUINO BAJAJ 2R', 11, 21, 0, 1, 1),
	(229, 'SEGURO DE MANGUERA DE MOTOR', '125BIT03-14', 'GENUINO BAJAJ 2R', 11, 45, 0, 1, 1),
	(230, 'BASE COBERTOR DE CULATA', '125BIT03-15', 'GENUINO BAJAJ 2R', 11, 19, 0, 1, 1),
	(231, 'CULATA SGY6-1010300', '125BIT04-01', 'GENUINO BAJAJ 2R', 11, 117, 0, 1, 1),
	(232, 'BASE DE EJE DE LEVAS', '125BIT04-02', 'GENUINO BAJAJ 2R', 11, 0, 0, 1, 1),
	(233, 'EMPAQUE DE  CULATA SGY6-1010011', '125BIT04-03', 'GENUINO BAJAJ 2R', 11, 0, 0, 1, 1),
	(234, 'EMPAQUE MANIFUL DE CARBURADOR', '125BIT04-04', 'GENUINO BAJAJ 2R', 11, 2, 0, 1, 1),
	(235, 'MANIFULL', '125BIT04-05', 'GENUINO BAJAJ 2R', 11, 4, 0, 1, 1),
	(236, 'ESPARRAGOS PEQUE?OS DE CULATA', '125BIT04-06', 'GENUINO BAJAJ 2R', 11, 18, 0, 1, 1),
	(237, 'ESPARRAGO DE CULATA', '125BIT04-08', 'GENUINO BAJAJ 2R', 11, 50, 0, 1, 1),
	(238, 'ESPARRAGOS DE CULATA GRANDES', '125BIT04-09', 'GENUINO BAJAJ 2R', 11, 313, 0, 1, 1),
	(239, 'EMPAQUE', '125BIT04-10', 'GENUINO BAJAJ 3R', 11, 234, 0, 1, 1),
	(240, 'SELLO DE VALVULAS', '125BIT04-12', 'GENUINO BAJAJ 3R', 11, 5, 0, 1, 1),
	(241, 'EJE DE LEVAS SGY6-10105000', '125BIT04-13', 'GENUINO BAJAJ 3R', 11, 286, 0, 1, 1),
	(242, 'BASE DE METAL', '125BIT04-14', 'GENUINO BAJAJ 3R', 11, 217, 0, 1, 1),
	(243, 'BALANCINES SGY6-1010602', '125BIT04-15', 'GENUINO BAJAJ 3R', 11, 7, 0, 1, 1),
	(244, 'GUIA DE BALANCIN DE VALVULA  DE ADMISION', '125BIT04-16', 'GENUINO BAJAJ 2R', 11, 1, 0, 1, 1),
	(245, 'GUIA CADENA DE TIEMPO', '125BIT05-02', 'GENUINO BAJAJ 2R', 11, 0, 0, 1, 1),
	(246, 'VALVULA DE ADMISION', '125BIT06-01', 'GENUINO BAJAJ 2R', 11, 1, 0, 1, 1),
	(247, 'VALVULA DE ESCAPE', '125BIT06-02', 'GENUINO BAJAJ 2R', 11, 13, 0, 1, 1),
	(248, 'RESORTE DE VALVULA INTERIOR', '125BIT06-04', 'GENUINO BAJAJ 2R', 11, 28, 0, 1, 1),
	(249, 'ASIENTO DE VALVULA', '125BIT06-05', 'GENUINO BAJAJ 2R', 11, 5, 0, 1, 1),
	(250, 'CU?AS DE VALVULAS', '125BIT06-07', 'GENUINO BAJAJ 2R', 11, 27, 0, 1, 1),
	(251, 'GRADUACION DE BALANCIN', '125BIT06-09', 'GENUINO BAJAJ 2R', 11, 3, 0, 1, 1),
	(252, 'CADENA DE TIEMPO', '125BIT06-10', 'GENUINO BAJAJ 3R', 11, 5, 0, 1, 1),
	(253, 'TENSOR DE CADENA DE TIEMPO SGY6-1000400', '125BIT06-12', 'GENUINO BAJAJ 2R', 11, 6, 0, 1, 1),
	(254, 'TENSIONER', '125BIT06-14', 'GENUINO BAJAJ 2R', 11, 5, 0, 1, 1),
	(255, 'EMPAQUE DE TENSOR DE CADENA', '125BIT06-16', 'GENUINO BAJAJ 2R', 11, 0, 0, 1, 1),
	(256, 'GUIA DE CADENA DE TIEMPO GY6-1000300', '125BIT06-17', 'GENUINO BAJAJ 2R', 11, 0, 0, 1, 1),
	(257, 'CILINDRO SGY6-1010100', '125BIT06-18', 'GENUINO BAJAJ 2R', 11, 77, 0, 1, 1),
	(258, 'EMPAQUE DE CILINDRO SGY6-1010002', '125BIT06-20', 'GENUINO BAJAJ 2R', 11, 6, 0, 1, 1),
	(259, 'COBERTOR DE CARTER RH SGY6-1017200', '125BIT06-21', 'GENUINO BAJAJ 2R', 11, 2, 0, 1, 1),
	(260, 'EMPAQUE DE COBERTOR DE CARTER GY6-1000', '125BIT06-22', 'GENUINO BAJAJ 2R', 11, 32, 0, 1, 1),
	(261, 'FILTRO DE ACEITE', '125BIT06-23', 'GENUINO BAJAJ 2R', 11, 39, 0, 1, 1),
	(262, 'TOR?ILLO DE NIVEL DE ACEITE', '125BIT06-24', 'GENUINO BAJAJ 2R', 11, 9, 0, 1, 1),
	(263, 'RETENEDOR', '125BIT06-25', 'GENUINO BAJAJ 3R', 11, 0, 0, 1, 1),
	(264, 'TOR?ILLO DE CARTER', '125BIT06-26', 'GENUINO BAJAJ 3R', 11, 5, 0, 1, 1),
	(265, 'VENTILADOR GY6-1000100', '125BIT06-27', 'GENUINO BAJAJ 3R', 11, 3, 0, 1, 1),
	(266, 'VOLANTE', '125BIT06-31', 'GENUINO BAJAJ 3R', 11, 2, 0, 1, 1),
	(267, 'PLANTA COMPLETA', '125BIT06-32', 'GENUINO BAJAJ 2R', 11, 2, 0, 1, 1),
	(268, 'BOMBA DE ACEITE', '125BIT07-01', 'GENUINO BAJAJ 3R', 11, 41, 0, 1, 1),
	(269, 'ESPROCKET DE BOMBA GY6-1012807 23 DT', '125BIT07-03', 'GENUINO BAJAJ 2R', 11, 2, 0, 1, 1),
	(270, 'CADENA DE BOMBA DE ACEITE', '125BIT07-04', 'GENUINO BAJAJ 3R', 11, 0, 0, 1, 1),
	(271, 'PIN ENGRANAJE DE STARTER', '125BIT07-05', 'GENUINO BAJAJ 2R', 11, 0, 0, 1, 1),
	(272, 'ENGRANAJE GY6-1013103', '125BIT07-06', 'GENUINO BAJAJ 2R', 11, 3, 0, 1, 1),
	(273, 'BASE DE STARTER GY6-1013108', '125BIT07-07', 'GENUINO BAJAJ 3R', 11, 4, 0, 1, 1),
	(274, 'BASE DE VENTILADOR', '125BIT07-08', 'GENUINO BAJAJ 3R', 11, 10, 0, 1, 1),
	(275, 'MOTOR DE STARTER', '125BIT08-01', 'GENUINO BAJAJ 2R', 11, 10, 0, 1, 1),
	(276, 'WASHA 22.2*31*2.5', '125BIT08-02', 'GENUINO BAJAJ 2R', 11, 10, 0, 1, 1),
	(277, 'PIN DE STARTER GY6-1013106', '125BIT08-03', 'GENUINO BAJAJ 3R', 11, 10, 0, 1, 1),
	(278, 'COJINETE DE AGUJAS GY1013101', '125BIT08-04', 'GENUINO BAJAJ 3R', 11, 10, 0, 1, 1),
	(279, 'CARTER LH', '125BIT08-05', 'GENUINO BAJAJ 3R', 11, 10, 0, 1, 1),
	(280, 'EMPAQUE DE CARTER LH', '125BIT09-01', 'GENUINO BAJAJ 2R', 11, 5, 0, 1, 1),
	(281, 'GUIA DE CARTER', '125BIT09-02', 'GENUINO BAJAJ 3R', 11, 5, 0, 1, 1),
	(282, 'BASE RESORTE DE RACH', '125BIT09-03', 'GENUINO BAJAJ 2R', 11, 5, 0, 1, 1),
	(283, 'VENTILADOR', '125BIT09-04', 'GENUINO BAJAJ 3R', 11, 1, 0, 1, 1),
	(284, 'BUSHING DE VENTILADOR SGY6-1014104', '125BIT09-05', 'GENUINO BAJAJ 3R', 11, 3, 0, 1, 1),
	(285, 'BASE DE VENTILADOR', '125BIT09-07', 'GENUINO BAJAJ 3R', 11, 4, 0, 1, 1),
	(286, 'DADOS DE AUTOMATICO', '125BIT09-08', 'GENUINO BAJAJ 2R', 11, 0, 0, 1, 1),
	(287, 'PLATO DE CLUTCH SGY6-1014101', '125BIT09-10', 'GENUINO BAJAJ 3R', 11, 16, 0, 1, 1),
	(288, 'SLIDER SGY6-1014103', '125BIT09-12', 'GENUINO BAJAJ 3R', 11, 1, 0, 1, 1),
	(289, 'ENGRANAJE DE CLUTCH', '125BIT09-14', 'GENUINO BAJAJ 2R', 11, 2, 0, 1, 1),
	(290, 'SEGURO DE ENGRANAJE DE ARRAN GY6-101430', '125BIT09-15', 'GENUINO BAJAJ 2R', 11, 14, 0, 1, 1),
	(291, 'RATCH GY6-1014304', '125BIT10-02', 'GENUINO BAJAJ 3R', 11, 3, 0, 1, 1),
	(292, 'EJE DE PATA DE ARRANQUE', '125BIT10-03', 'GENUINO BAJAJ 2R', 11, 4, 0, 1, 1),
	(293, 'RESORTE DE RATCHET', '125BIT10-07', 'GENUINO BAJAJ 2R', 11, 1, 0, 1, 1),
	(294, 'EJE DE RATCH', '125BIT10-10', 'GENUINO BAJAJ 2R', 11, 3, 0, 1, 1),
	(295, 'BUSHING DE EJE DE PATA GY6-10140080', '125BIT10-11', 'GENUINO BAJAJ 2R', 11, 1, 0, 1, 1),
	(296, 'RESORTE DE EJE DE RATCH', '125BIT10-12', 'GENUINO BAJAJ 2R', 11, 3, 0, 1, 1),
	(297, 'ARANDELA 14MM', '125BIT10-13', 'GENUINO BAJAJ 3R', 11, 0, 0, 1, 1),
	(298, 'BUSHING DE CLUTCH AUTOMATICO', '125BIT10-14', 'GENUINO BAJAJ 2R', 11, 1, 0, 1, 1),
	(299, 'BASE DE CLUTCH', '125BIT10-15', 'GENUINO BAJAJ 2R', 11, 23, 0, 1, 1),
	(300, 'PLATO DE FRICCION DE CLUTCH SGY-1014241', '125BIT10-16', 'GENUINO BAJAJ 3R', 11, 1, 0, 1, 1),
	(301, 'PLATO DE FRICCION DE CLUTCH', '125BIT10-17', 'GENUINO BAJAJ 2R', 11, 1, 0, 1, 1),
	(302, 'RESORTE DE CLUTCH SGY6-1014243', '125BIT10-20', 'GENUINO BAJAJ 2R', 11, 2, 0, 1, 1),
	(303, 'FRICCIONES DE CLUTCH', '125BIT10-23', 'GENUINO BAJAJ 2R', 11, 3, 0, 1, 1),
	(304, 'HULE DE FRICCION DE CLUTCH', '125BIT10-24', 'GENUINO BAJAJ 2R', 11, 1, 0, 1, 1),
	(305, 'FAJA DE TRANSMISION  GY6-1014007', '125BIT10-25', 'GENUINO BAJAJ 2R', 11, 1, 0, 1, 1),
	(306, 'BASE DE FAJA SGY6-1014210', '125BIT10-27', 'GENUINO BAJAJ 3R', 11, 1, 0, 1, 1),
	(307, 'TUERCA DE CLUTCH TRASERO', '125BIT10-28', 'GENUINO BAJAJ 2R', 11, 1, 0, 1, 1),
	(308, 'RETENEDOR DE BASE DE CLUTCH', '125BIT10-29', 'GENUINO BAJAJ 2R', 11, 1, 0, 1, 1),
	(309, 'TAPADERA DE TRANSMISION', '125BIT11-01', 'GENUINO BAJAJ 2R', 11, 3, 0, 1, 1),
	(310, 'EMPAQUE DE TRANSMISION GY6-10120004', '125BIT11-02', 'GENUINO BAJAJ 2R', 11, 10, 0, 1, 1),
	(311, 'EJE DE TRANSMISION SGY6-1015003', '125BIT11-04', 'GENUINO BAJAJ 3R', 11, 1, 0, 1, 1),
	(312, 'ENGRANAJE', '125BIT11-05', 'GENUINO BAJAJ 2R', 11, 6, 0, 1, 1),
	(313, 'EJE DE TRANSMISION', '125BIT11-07', 'GENUINO BAJAJ 2R', 11, 6, 0, 1, 1),
	(314, 'ENGRANAJE DE CUARTA', '125BIT11-08', 'GENUINO BAJAJ 3R', 11, 3, 0, 1, 1),
	(315, 'RETENEDOR', '125BIT11-10', 'GENUINO BAJAJ 3R', 11, 5, 0, 1, 1),
	(316, 'COJINETE', '125BIT11-11', 'GENUINO BAJAJ 2R', 11, 2, 0, 1, 1),
	(317, 'COJINETE', '125BIT11-12', 'GENUINO BAJAJ 2R', 11, 2, 0, 1, 1),
	(318, 'CARTER DE MOTOR GY6-1012500', '125BIT11-13', 'GENUINO BAJAJ 3R', 11, 0, 0, 1, 1),
	(319, 'BUSHING DE CARTER', '125BIT11-16', 'GENUINO BAJAJ 2R', 11, 0, 0, 1, 1),
	(320, 'EMPAQUE DE CARTE LH', '125BIT11-18', 'GENUINO BAJAJ 2R', 11, 1, 0, 1, 1),
	(321, 'CARTER LH COMPLETO', '125BIT12-03', 'GENUINO BAJAJ 2R', 11, 4, 0, 1, 1),
	(322, 'BUSHING DE MOTOR GY6-1012400', '125BIT12-04', 'GENUINO BAJAJ 2R', 11, 0, 0, 1, 1),
	(323, 'ESPARRAGOS DE CARTER  SGY6-1012001', '125BIT12-06', 'GENUINO BAJAJ 2R', 11, 0, 0, 1, 1),
	(324, 'ESPARRAGOS DE CARTER', '125BIT12-09', 'GENUINO BAJAJ 2R', 11, 0, 0, 1, 1),
	(325, 'COJINETE 6301', '125BIT12-11', 'GENUINO BAJAJ 2R', 11, 2, 0, 1, 1),
	(326, 'COJINETE 6004', '125BIT12-12', 'GENUINO BAJAJ 2R', 11, 1, 0, 1, 1),
	(327, 'RETENEDOR', '125BIT12-13', 'GENUINO BAJAJ 2R', 11, 1, 0, 1, 1),
	(328, 'SELLO DE MOTOR GY6-1012104', '125BIT12-14', 'GENUINO BAJAJ 3R', 11, 0, 0, 1, 1),
	(329, 'COJINETE DE CARTER 6002', '125BIT12-15', 'GENUINO BAJAJ 2R', 11, 13, 0, 1, 1),
	(330, 'TORNILLO DE DESAGUE  GY6-1012105', '125BIT12-16', 'GENUINO BAJAJ 2R', 11, 0, 0, 1, 1),
	(331, 'ANILLOS DE PISTON', '125BIT13-01', 'GENUINO BAJAJ 3R', 11, 0, 0, 1, 1),
	(332, 'PISTON', '125BIT13-02', 'GENUINO BAJAJ 3R', 11, 3, 0, 1, 1),
	(333, 'PASADOR DE PISTON', '125BIT13-03', 'GENUINO BAJAJ 2R', 11, 2, 0, 1, 1),
	(334, 'CU?A DE CIG?E?AL', '125BIT13-04', 'GENUINO BAJAJ 2R', 11, 2, 0, 1, 1),
	(335, 'FLANCH DE CARBURADOR', '125BIT13-05', 'GENUINO BAJAJ 2R', 11, 4, 0, 1, 1),
	(336, 'TAPADERA LADO LH', '125BIT13-06', 'GENUINO BAJAJ 3R', 11, 6, 0, 1, 1),
	(337, 'COBERTOR LATERAL LH AZUL', '125BIT13-07', 'GENUINO BAJAJ 3R', 11, 1, 0, 1, 1),
	(338, 'COBERTOR LATERAL RH  ROJO', '125BIT13-08', 'GENUINO BAJAJ 2R', 11, 1, 0, 1, 1),
	(339, 'COBERTOR LATERAL LH AMARILLO', '125BIT13-09', 'GENUINO BAJAJ 2R', 11, 6, 0, 1, 1),
	(340, 'COBERTOR RH COLORES RD/YW/BL/BK', '125BIT13-11', 'GENUINO BAJAJ 2R', 11, 1, 0, 1, 1),
	(341, 'COBERTOR LATERAL RH AZUL', '125BIT13-13', 'GENUINO BAJAJ 2R', 11, 1, 0, 1, 1),
	(342, 'COBERTOR LATERAL RH ROJO', '125BIT14-03', 'GENUINO BAJAJ 2R', 11, 2, 0, 1, 1),
	(343, 'COBERTOR LATERAL RH AMARILLO', '125BIT14-05', 'GENUINO BAJAJ 2R', 11, 32, 0, 1, 1),
	(344, 'REJILLA DE COBERTOR LATERAL', '125BIT14-06', 'GENUINO BAJAJ 2R', 11, 32, 0, 1, 1),
	(345, 'COBERTOR TRASERO ROJO /BLANCO /AZUL', '125BIT14-07', 'GENUINO BAJAJ 3R', 11, 35, 0, 1, 1),
	(346, 'COBERTOR TRASERO ROJO', '125BIT15-07', 'GENUINO BAJAJ 2R', 11, 1, 0, 1, 1),
	(347, 'SWITCH DERECHO', '125BIT15-08', 'GENUINO BAJAJ 2R', 11, 3, 0, 1, 1),
	(348, 'TORNILLO DE MANECILLA', '125BIT15-09', 'GENUINO BAJAJ 3R', 11, 13, 0, 1, 1),
	(349, 'MANECILLA RH', '125BIT15-10', 'GENUINO BAJAJ 2R', 11, 1, 0, 1, 1),
	(350, 'TUERCA DE TORNILLO DE MANECILLA', '125BIT15-11', 'GENUINO BAJAJ 2R', 11, 5, 0, 1, 1),
	(351, 'DEPOSITO DE LIQUIDO DE FRENOS', '125BIT15-15', 'GENUINO BAJAJ 3R', 11, 9, 0, 1, 1),
	(352, 'MANGUERA DE FRENO DELANTERO', '125BIT15-16', 'GENUINO BAJAJ 2R', 11, 3, 0, 1, 1),
	(353, 'PASADOR DE MANECILLA', '125BIT15-43', 'GENUINO BAJAJ 3R', 11, 3, 0, 1, 1),
	(354, 'MANECILLA LH', '125BIT16-01RD', 'GENUINO BAJAJ 3R', 11, 9, 0, 1, 1),
	(355, 'CABLE DE FRENO TRASERO', '125BIT16-02BL', 'GENUINO BAJAJ 2R', 11, 11, 0, 1, 1),
	(356, 'CABLE DE ASPIROMETRO', '125BIT16-02RD', 'GENUINO BAJAJ 2R', 11, 11, 0, 1, 1),
	(357, 'PATA DOBLE', '125BIT16-03RD', 'GENUINO BAJAJ 3R', 11, 17, 0, 1, 1),
	(358, 'PATA LATERAL', '125BIT16-04', 'GENUINO BAJAJ 3R', 11, 13, 0, 1, 1),
	(359, 'RESORTE DE PATA LATERAL', '125BIT16-12', 'GENUINO BAJAJ 2R', 11, 13, 0, 1, 1),
	(360, 'BUSHING DE HULE', '125BIT16-19', 'GENUINO BAJAJ 3R', 11, 8, 0, 1, 1),
	(361, 'RESORTE DE PATA DOBLE', '125BIT17-01', 'GENUINO BAJAJ 3R', 11, 12, 0, 1, 1),
	(362, 'TALCO DE DE PIDEVIAS', '125BIT17-03', 'GENUINO BAJAJ 3R', 11, 13, 0, 1, 1),
	(363, 'BOMBILLA DE PIDEVIAS', '125BIT17-07', 'GENUINO BAJAJ 3R', 11, 0, 0, 1, 1),
	(364, 'TALCO DE PIDEVIAS', '125BIT17-09', 'GENUINO BAJAJ 2R', 11, 9, 0, 1, 1),
	(365, 'TALCO DE PIDEVIAS', '125BIT17-20', 'GENUINO BAJAJ 3R', 11, 15, 0, 1, 1),
	(366, 'SOCKET DE P/V', '125BIT18-02', 'GENUINO BAJAJ 3R', 11, 16, 0, 1, 1),
	(367, 'TAPON DE PIDEVIAS', '125BIT18-06', 'GENUINO BAJAJ 2R', 11, 10, 0, 1, 1),
	(368, 'PIDEVIAS LH DELANTERO', '125BIT18-12', 'GENUINO BAJAJ 3R', 11, 19, 0, 1, 1),
	(369, 'PIDEVIAS RH DELANTERO', '125BIT18-13', 'GENUINO BAJAJ 3R', 11, 15, 0, 1, 1),
	(370, 'CAJA DELANTERA', '125BIT18-14', 'GENUINO BAJAJ 2R', 11, 9, 0, 1, 1),
	(371, 'COBERTOR NUMERO DE CHASIS', '125BIT18-18', 'GENUINO BAJAJ 2R', 11, 16, 0, 1, 1),
	(372, 'COBERTOR DE CAJA', '125BIT19-01BK', 'GENUINO BAJAJ 3R', 11, 14, 0, 1, 1),
	(373, 'COBERTOR DE CAJA', '125BIT19-01BL', 'GENUINO BAJAJ 3R', 11, 18, 0, 1, 1),
	(374, 'HULE DE TAPADERA DE COBERTOR', '125BIT19-01RD', 'GENUINO BAJAJ 3R', 11, 252, 0, 1, 1),
	(375, 'TAPADERA DE BUJIA', '125BIT19-02', 'GENUINO BAJAJ 2R', 11, 6, 0, 1, 1),
	(376, 'BUSHING', '125BIT19-14', 'GENUINO BAJAJ 3R', 11, 11, 0, 1, 1),
	(377, 'TOR?ILLO DE PASTILLA', '125BIT19-17', 'GENUINO BAJAJ 3R', 11, 9, 0, 1, 1),
	(378, 'KIT DE PASTILLAS', '125BIT19-26BK', 'GENUINO BAJAJ 3R', 11, 10, 0, 1, 1),
	(379, 'LLAVE DE GASOLINA', '125BIT20-01', 'GENUINO BAJAJ 3R', 11, 0, 0, 1, 1),
	(380, 'TANQUE DE GASOLINA', '125BIT20-01L', 'GENUINO BAJAJ 2R', 11, 1, 0, 1, 1),
	(381, 'TAPON DE TANQUE DE GASOLINA', '125BIT20-02', 'GENUINO BAJAJ 2R', 11, 2, 0, 1, 1),
	(382, 'MANGUERA DE GASOLINA B', '125BIT20-03', 'GENUINO BAJAJ 2R', 11, 8, 0, 1, 1),
	(383, 'INDICADOR DE GASOLINA', '125BIT20-09', 'GENUINO BAJAJ 2R', 11, 5, 0, 1, 1),
	(384, 'ESPACIADOR DE FLOTE DE GASOLINA SUPERIOR', '125BIT20-20', 'GENUINO BAJAJ 2R', 11, 8, 0, 1, 1),
	(385, 'FILTRO DE GASOLINA', '125BIT20-21', 'GENUINO BAJAJ 2R', 11, 14, 0, 1, 1),
	(386, 'BOMBILLA DE TABLERO 12V/1.7W', '125BIT20-22', 'GENUINO BAJAJ 3R', 11, 2, 0, 1, 1),
	(387, 'ARNES DE ASPIROMETRO', '125BIT20-23', 'GENUINO BAJAJ 3R', 11, 8, 0, 1, 1),
	(388, 'BASE DE RELOJ', '125BIT20-25', 'GENUINO BAJAJ 3R', 11, 2, 0, 1, 1),
	(389, 'ASPIROMETRO COMPLETO', '125BIT21-06', 'GENUINO BAJAJ 3R', 11, 2, 0, 1, 1),
	(390, 'TERMINAL DE BATERIA', '125BIT21-07', 'GENUINO BAJAJ 3R', 11, 1, 0, 1, 1),
	(391, 'CABLE DE BATERIA', '125BIT21-10', 'GENUINO BAJAJ 3R', 11, 6, 0, 1, 1),
	(392, 'CINTA DE BATERIA', '125BIT21-16', 'GENUINO BAJAJ 3R', 11, 7, 0, 1, 1),
	(393, 'BASE DE METAL DE SILLON', '125BIT22-01BL', 'GENUINO BAJAJ 3R', 11, 5, 0, 1, 1),
	(394, 'CAJA DE SILLON', '125BIT22-01RD', 'GENUINO BAJAJ 3R', 11, 5, 0, 1, 1),
	(395, 'EMPAQUE', '125BIT22-02BK', 'GENUINO BAJAJ 2R', 11, 27, 0, 1, 1),
	(396, 'COLA GRIS', '125BIT22-02BL', 'GENUINO BAJAJ 2R', 11, 1, 0, 1, 1),
	(397, 'PROTECTOR DE ESCAPE', '125BIT22-03', 'GENUINO BAJAJ 2R', 11, 15, 0, 1, 1),
	(398, 'TORNILLO DE PROTECTOR DE ESCAPE', '125BIT22-04', 'GENUINO BAJAJ 2R', 11, 33, 0, 1, 1),
	(399, 'ARANDELA DE ESCAPE', '125BIT22-05BK', 'GENUINO BAJAJ 2R', 11, 0, 0, 1, 1),
	(400, 'TUERCA DE UNION DE ESCAPE', '125BIT22-05BL', 'GENUINO BAJAJ 2R', 11, 5, 0, 1, 1),
	(401, 'ARANDELA DE ESCAPE', '125BIT22-05RD', 'GENUINO BAJAJ 3R', 11, 3, 0, 1, 1),
	(402, 'COBERTOR TRASERO LH GRIS CON AZUL', '125BIT22-06BL', 'GENUINO BAJAJ 3R', 11, 0, 0, 1, 1),
	(403, 'COBERTOR INFERIOR AZUL LH', '125BIT22-06RD', 'GENUINO BAJAJ 3R', 11, 0, 0, 1, 1),
	(404, 'COBERTOR INFERIOR LH GRIS CON ROJO', '125BIT22-07BK', 'GENUINO BAJAJ 3R', 11, 9, 0, 1, 1),
	(405, 'COBERTOR INFERIOR AMARILLO LH', '125BIT22-07RD', 'GENUINO BAJAJ 3R', 11, 6, 0, 1, 1),
	(406, 'COBERTOR TRASERO RH ROJO/AMARILLO /AZUL', '125BIT22-09RD', 'GENUINO BAJAJ 2R', 11, 10, 0, 1, 1),
	(407, 'COBERTOR INFERIOR AZUL RH', '125BIT22-12', 'GENUINO BAJAJ 2R', 11, 6, 0, 1, 1),
	(408, 'COBERTOR INFERIOR ROJO RH', '125BIT22-13', 'GENUINO BAJAJ 2R', 11, 8, 0, 1, 1),
	(409, 'COBERTOR INFERIOR AMARILLO CON NEGRO RH', '125BIT23-03', 'GENUINO BAJAJ 3R', 11, 30, 0, 1, 1),
	(410, 'COBERTOR INFERIOR AZUL RH', '125BIT23-05', 'GENUINO BAJAJ 2R', 11, 3, 0, 1, 1),
	(411, 'COBERTOR INFERIOR ROJO GRIS RH', '125BIT23-06', 'GENUINO BAJAJ 2R', 11, 10, 0, 1, 1),
	(412, 'COBERTOR INFERIOR AMARILLO NEGRO RH', '125BIT23-11', 'GENUINO BAJAJ 3R', 11, 9, 0, 1, 1),
	(413, 'TALCO DE STOP', '125BIT23-14', 'GENUINO BAJAJ 3R', 11, 2, 0, 1, 1),
	(414, 'BASE DE TALCO DE STOP', '125BIT23-18', 'GENUINO BAJAJ 3R', 11, 8, 0, 1, 1),
	(415, 'BOMBILLA DE P/V TRAS/12V21W/5W', '125BIT24-04', 'GENUINO BAJAJ 2R', 11, 5, 0, 1, 1),
	(416, 'SOCKET DE BOMBILLA DE STOP', '125BIT24-07', 'GENUINO BAJAJ 3R', 11, 29, 0, 1, 1),
	(417, 'ROMPEVIENTOS', '125BIT25-01', 'GENUINO BAJAJ 2R', 11, 2, 0, 1, 1),
	(418, 'MANGO RH', '125BIT25-02', 'GENUINO BAJAJ 3R', 11, 6, 0, 1, 1),
	(419, 'MANGO LH', '125BIT25-08', 'GENUINO BAJAJ 3R', 11, 12, 0, 1, 1),
	(420, 'TAPON DE TIMON', '125BIT25-09', 'GENUINO BAJAJ 2R', 11, 7, 0, 1, 1),
	(421, 'RETROVISOR LH', '125BIT25-11', 'GENUINO BAJAJ 3R', 11, 5, 0, 1, 1),
	(422, 'RETROVISOR RH', '125BIT25-14', 'GENUINO BAJAJ 2R', 11, 3, 0, 1, 1),
	(423, 'SILVIN COMPLETO', '125BIT25-15', 'GENUINO BAJAJ 3R', 11, 1, 0, 1, 1),
	(424, 'BOMBILLA DE SILVIN 12V 18W/18W', '125BIT25-18', 'GENUINO YUMBO', 25, 3, 0, 1, 1),
	(425, 'VALVULA DE LLANTA', '125BIT26-01', 'GENUINO YUMBO', 103, 8, 0, 1, 1),
	(426, 'EJE DE LLANTA DELANTERA', '125BIT26-03', 'GENUINO YUMBO', 10, 7, 0, 1, 1),
	(427, 'BUSHING DE LLANTA DELANTERA', '125BIT26-04', 'GENUINO YUMBO', 5, 6, 0, 1, 1),
	(428, 'ESPACIADOR ARO DELANTERO', '125BIT26-06', 'GENUINO YUMBO', 15, 5, 0, 1, 1),
	(429, 'COJINETE 6201', '125BIT26-09', 'GENUINO YUMBO', 10, 5, 0, 1, 1),
	(430, 'RETENEDOR', '125BIT27-01', 'GENUINO YUMBO', 23, 5, 0, 1, 1),
	(431, 'DISCO DE FRENO', '125BIT27-06', 'GENUINO YUMBO', 24, 5, 0, 1, 1),
	(432, 'CAJA DE ASPIROMETRO', '125BIT28-02', 'GENUINO YUMBO', 495, 8, 0, 1, 1),
	(433, 'ARO DELANTERO NEGRO 10XMT2.50', '125BIT28-03', 'GENUINO YUMBO', 7, 10, 0, 1, 1),
	(434, 'COBERTOR  FRONTAL AZUL', '125BIT28-08', 'GENUINO YUMBO', 106, 2, 0, 1, 1),
	(435, 'COBERTOR FRONTAL ROJO', '125BIT28-09', 'GENUINO YUMBO', 300, 7, 0, 1, 1),
	(436, 'COBERTOR FRONTAL AMARILLO', '125BIT29-27', 'GENUINO YUMBO', 10, 2, 0, 1, 1),
	(437, 'LODERA DELANTERA GRIS/NEGRO', '125BIT30-02', 'GENUINO YUMBO', 3, 6, 0, 1, 1),
	(438, 'LODERA DELANTERA NEGRA/GRIS', '125BIT30-03', 'GENUINO YUMBO', 3, 10, 0, 1, 1),
	(439, 'LODERA DELANTERA GRIS/NEGRO', '125BIT30-04', 'GENUINO YUMBO', 3, 9, 0, 1, 1),
	(440, 'VISERA DELANTERA', '125BIT30-05', 'GENUINO YUMBO', 3, 1, 0, 1, 1),
	(441, 'VICERA ROJA', '125BIT31-01', 'GENUINO YUMBO', 16, 0, 0, 1, 1),
	(442, 'COBERTOR FRONTALAZUL - AMARILLO', '125BIT31-10', 'GENUINO YUMBO', 40, 5, 0, 1, 1),
	(443, 'COBERTOR FRONTAL ROJO', '125BIT31-12', 'GENUINO YUMBO', 11, 1, 0, 1, 1),
	(444, 'COBERTOR FRONTAL AMARILLO', '125BIT31-14', 'GENUINO YUMBO', 115, 0, 0, 1, 1),
	(445, 'LODERA DELANTERA NEGRA/GRIS', '125BIT33-01', 'GENUINO YUMBO', 400, 2, 0, 1, 1),
	(446, 'GRAPAS DE VISCERA DELANTERA', '125BIT33-02', 'GENUINO YUMBO', 15, 2, 0, 1, 1),
	(447, 'VICERA AMARILLA', '125BIT33-04', 'GENUINO YUMBO', 4, 5, 0, 1, 1),
	(448, 'PROTECTOR DELANTERO IZQUIERDO', '125BIT33-05', 'GENUINO YUMBO', 4, 6, 0, 1, 1),
	(449, 'COBETOR FRONTAL RH', '125BIT33-08', 'GENUINO YUMBO', 44, 16, 0, 1, 1),
	(450, 'PROTECTOR DELANTERO GRIS LH', '125BIT33-11', 'GENUINO YUMBO', 11, 3, 0, 1, 1),
	(451, 'PROTECTOR DELANTERO DERECHO', '125BIT33-12', 'GENUINO YUMBO', 8, 11, 0, 1, 1),
	(452, 'PROTECTOR LATERAL NEGRO FR RH', '125BIT34-01', 'GENUINO YUMBO', 32, 7, 0, 1, 1),
	(453, 'PROTECTOR DELANTERO GRIS RH', '125RP01-01', 'GENUINO YUMBO', 11, 8, 0, 1, 1),
	(454, 'REFLECTOR LATERAL', '125RP01-02', 'GENUINO YUMBO', 6, 4, 0, 1, 1),
	(455, 'COBERTOR FILTRO DE AIRE', '125RP01-08', 'GENUINO YUMBO', 3, 1, 0, 1, 1),
	(456, 'ELEMENTO DE FILTRO DE AIRE', '125RP01-09', 'GENUINO YUMBO', 17, 3, 0, 1, 1),
	(457, 'TUBO DE FILTRO DE AIRE', '125RP01-12', 'GENUINO YUMBO', 0, 17, 0, 1, 1),
	(458, 'ARO TRASERO', '125RP01-20', 'GENUINO YUMBO', 2, 17, 0, 1, 1),
	(459, 'VALVULA DE AIRE', '125RP02-02', 'GENUINO YUMBO', 40, 4, 0, 1, 1),
	(460, 'FRICCIONES TRASERAS', '125RP02-03', 'GENUINO YUMBO', 5, 4, 0, 1, 1),
	(461, 'TORNILLO DE VARRILLA DE FRENO', '125RP02-04', 'GENUINO YUMBO', 4, 2, 0, 1, 1),
	(462, 'TOPE DE VARILLA DE FRENO', '125RP02-06', 'GENUINO YUMBO', 1, 14, 0, 1, 1),
	(463, 'AMORTIGUADOR TRASERO', '125RP02-09', 'GENUINO YUMBO', 3, 0, 0, 1, 1),
	(464, 'TORNILLO', '125RP03-01', 'GENUINO YUMBO', 0, 3, 0, 1, 1),
	(465, 'PIDEVIAS LH TRASERO', '125RP03-02', 'GENUINO YUMBO', 24, 1, 0, 1, 1),
	(466, 'LODERA TRASERA', '125RP03-05', 'GENUINO YUMBO', 8, 4, 0, 1, 1),
	(467, 'BOMBILLA DE PIDEVIAS', '125RP03-06', 'GENUINO YUMBO', 2, 2, 0, 1, 1),
	(468, 'TALCO DE PIDEVIAS', '125RP03-07', 'GENUINO YUMBO', 33, 2, 0, 1, 1),
	(469, 'PLACA DE BASE P/V', '125RP03-10', 'GENUINO YUMBO', 10, 20, 0, 1, 1),
	(470, 'T DE BARRAS', '125RP03-12', 'GENUINO YUMBO', 2, 2, 0, 1, 1),
	(471, 'BARRA IZQUIERDA', '125RP03-17', 'GENUINO YUMBO', 1, 1, 0, 1, 1),
	(472, 'TORNILLO DE T DE BARRAS', '125RP03-19', 'GENUINO YUMBO', 1, 2, 0, 1, 1),
	(473, 'TUERCA DE T DE BARRAS', '125RP04-01', 'GENUINO YUMBO', 6, 0, 0, 1, 1),
	(474, 'TUERCA DE T DE BARRAS', '125RP04-02', 'GENUINO YUMBO', 139, 4, 0, 1, 1),
	(475, 'MUNICION DE T DE BARRAS', '125RP04-03', 'GENUINO YUMBO', 15, 2, 0, 1, 1),
	(476, 'CU?A DE T DE BARRAS', '125RP04-04', 'GENUINO YUMBO', 24, 0, 0, 1, 1),
	(477, 'MUNICION DE T DE BARRAS INFERIOR', '125RP04-05', 'GENUINO YUMBO', 6, 10, 0, 1, 1),
	(478, 'BARRA DERECHA', '125RP04-06', 'GENUINO YUMBO', 4, 10, 0, 1, 1),
	(479, 'GUIA  DE CABLE DE ASPIROMETRO', '125RP04-07', 'GENUINO YUMBO', 19, 7, 0, 1, 1),
	(480, 'COBERTOR DE MANECILLA RH NEGRO CON FRANJ', '125RP04-08', 'GENUINO YUMBO', 27, 4, 0, 1, 1),
	(481, 'COBERTOR DE MANECILLA  NEGRO RH', '125RP04-10', 'GENUINO YUMBO', 6, 1, 0, 1, 1),
	(482, 'COBERTOR DE MANECILLA GRIS  RH', '125RP04-11', 'GENUINO YUMBO', 4, 2, 0, 1, 1),
	(483, 'COBERTOR DE MANECILLA LH GRIS', '125RP04-13', 'GENUINO YUMBO', 4, 4, 0, 1, 1),
	(484, 'COBERTOR DE MANECILLA LH FRANJA AZUL', '125RP04-14', 'GENUINO YUMBO', 2, 0, 0, 1, 1),
	(485, 'COBERTOR DE MANECILLA  GRIS LH', '125RP05-01', 'GENUINO YUMBO', 22, 0, 0, 1, 1),
	(486, 'COBERTOR FRONTAL SUPERIOR ROJO', '125RP05-02', 'GENUINO YUMBO', 8, 0, 0, 1, 1),
	(487, 'COBERTOR  FRONTAL SUPERIOR AZUL', '125RP05-03', 'GENUINO YUMBO', 14, 9, 0, 1, 1),
	(488, 'COBERTOR FRONTAL SUPERIOR ROJO?', '125RP05-04', 'GENUINO YUMBO', 1, 23, 0, 1, 1),
	(489, 'COBERTOR FRONTAL SUPERIOR AMARILLO', '125RP05-05', 'GENUINO YUMBO', 22, 18, 0, 1, 1),
	(490, 'TIMON', '125RP06-01', 'GENUINO YUMBO', 109, 0, 0, 1, 1),
	(491, 'TUERCA DE TORNILLO DE TIMON', '125RP06-02', 'GENUINO YUMBO', 2, 17, 0, 1, 1),
	(492, 'LAMPARA DE LUZ MEDIA', '125RP07-01', 'GENUINO YUMBO', 83, 4, 0, 1, 1),
	(493, 'TALCO SILVIN DE LUZ MEDIA', '125RP07-02', 'GENUINO YUMBO', 3, 15, 0, 1, 1),
	(494, 'BOMBILLA 12V13W', '125RP07-04', 'GENUINO YUMBO', 6, 2, 0, 1, 1),
	(495, 'COBERTOR DE PISO', '125RP07-06', 'GENUINO YUMBO', 5, 15, 0, 1, 1),
	(496, 'UNIDAD CDI', '125RP07-07', 'GENUINO YUMBO', 8, 5, 0, 1, 1),
	(497, 'TORNILLO DE REGULADOR DE VOLTAJE', '125RP07-12', 'GENUINO YUMBO', 5, 15, 0, 1, 1),
	(498, 'CAPUCHON DE BUJIA', '125RP08-01', 'GENUINO YUMBO', 16, 5, 0, 1, 1),
	(499, 'REGULADOR DE VOLTAJE', '125RP08-02', 'GENUINO YUMBO', 137, 3, 0, 1, 1),
	(500, 'FLASHER DE PIDEVIAS', '125RP08-09', 'GENUINO YUMBO', 143, 3, 0, 1, 1),
	(501, 'KIT DE REGISTRO', '125RP09-01', 'GENUINO YUMBO', 21, 8, 0, 1, 1),
	(502, 'ARNES', '125RP09-02', 'GENUINO YUMBO', 11, 5, 0, 1, 1),
	(503, 'BOBINA DE ALTA', '125RP09-03', 'GENUINO YUMBO', 11, 3, 0, 1, 1),
	(504, 'RELAY', '125RP10-02', 'GENUINO YUMBO', 44, 5, 0, 1, 1),
	(505, 'PEDAL LH', '125RP10-03', 'GENUINO YUMBO', 109, 10, 0, 1, 1),
	(506, 'CARGADOR DE MOTOR', '125RP10-04', 'GENUINO YUMBO', 76, 5, 0, 1, 1),
	(507, 'CHASIS', '125RP10-05', 'GENUINO YUMBO', 38, 60, 0, 1, 1),
	(508, 'TORNILLO CARGADOR DE MOTOR', '125RP10-08', 'GENUINO YUMBO', 124, 15, 0, 1, 1),
	(509, 'TORNILLO CARGADOR DE MOTOR', '125RP10-14', 'GENUINO YUMBO', 1, 5, 0, 1, 1),
	(510, 'TORNILLO 6*65', '125RP10-17', 'GENUINO YUMBO', 9, 0, 0, 1, 1),
	(511, 'KIT DE HERRAMIENTA', '125RP10-18', 'GENUINO YUMBO', 9, 2, 0, 1, 1),
	(512, 'MORDAZA', '125RP11-02', 'GENUINO YUMBO', 218, 15, 0, 1, 1),
	(513, 'RETROVISOR LH ROJO', '125RP11-04', 'GENUINO YUMBO', 8, 23, 0, 1, 1),
	(514, 'RETROVISOR RH NEGRO', '125RP11-05', 'GENUINO YUMBO', 1, 1, 0, 1, 1),
	(515, 'COBERTOR FRONTAL NEGRO', '125RP12-01', 'GENUINO YUMBO', 3, 2, 0, 1, 1),
	(516, 'COBERTOR FRONTAL AZUL?', '125RP12-02', 'GENUINO YUMBO', 21, 2, 0, 1, 1),
	(517, 'COBERTOR TRASERO LATERAL LH NEGRO', '125RP12-03', 'GENUINO YUMBO', 13, 2, 0, 1, 1),
	(518, 'COBERTOR TRASERO LH AZUL', '125RP12-04', 'GENUINO YUMBO', 34, 14, 0, 1, 1),
	(519, 'COBERTOR TRASERO LATERAL LH ROJO', '125RP12-05', 'GENUINO YUMBO', 2, 2, 0, 1, 1),
	(520, 'COBERTOR TRASERO RH NEGRO', '125RP12-06', 'GENUINO YUMBO', 11, 0, 0, 1, 1),
	(521, 'COBERTOR LATERAL RH AZUL', '125RP12-07', 'GENUINO YUMBO', 2, 4, 0, 1, 1),
	(522, 'COBERTOR TRASERO RH ROJO', '125RP12-08', 'GENUINO YUMBO', 20, 1, 0, 1, 1),
	(523, 'COBERTOR TRASERO NEGRO', '125RP12-09', 'GENUINO YUMBO', 10, 55, 0, 1, 1),
	(524, 'COBERTOR AZUL', '125RP12-10', 'GENUINO YUMBO', 38, 6, 0, 1, 1),
	(525, 'COBERTOR TRASERO  ROJO', '125RP12-11', 'GENUINO YUMBO', 8, 2, 0, 1, 1),
	(526, 'COBERTOR FRONTAL AZUL', '125RP12-12', 'GENUINO YUMBO', 1, 9, 0, 1, 1),
	(527, 'COBERTOR DELANTERO ROJO', '125RP12-13', 'GENUINO YUMBO', 55, 1, 0, 1, 1),
	(528, 'COBERTOR FRONTAL GRIS', '125RP12-14', 'GENUINO YUMBO', 3, 2, 0, 1, 1),
	(529, 'COBERTOR FRONTAL CORINTO', '125RP12-16', 'GENUINO YUMBO', 10, 145, 0, 1, 1),
	(530, 'CDI', '125RP12-19', 'GENUINO YUMBO', 2, 1, 0, 1, 1),
	(531, 'RETROVISOR LH BL', '125RP12-24', 'GENUINO YUMBO', 12, 2, 0, 1, 1),
	(532, 'BASES DE HULE DE RETROVISORES', '125RP13-01', 'GENUINO YUMBO', 50, 3, 0, 1, 1),
	(533, 'ESPACIADORES', '125RP13-02', 'GENUINO YUMBO', 10, 4, 0, 1, 1),
	(534, 'COBERTOR FRONTAL BK', '125RP13-03', 'GENUINO YUMBO', 5, 4, 0, 1, 1),
	(535, 'COBERTOR FRONTAL BL', '125RP13-04', 'GENUINO YUMBO', 23, 1, 0, 1, 1),
	(536, 'COBERTOR FRONTAL RD', '125RP13-05', 'GENUINO YUMBO', 10, 9, 0, 1, 1),
	(537, 'PIDEVIAS FRONTAL RH', '125RP13-06', 'GENUINO YUMBO', 9, 235, 0, 1, 1),
	(538, 'ASPIROMETRO COMPLETO', '125RP13-07', 'GENUINO YUMBO', 88, 10, 0, 1, 1),
	(539, 'ARNES DE LUCES FRONTALES', '125RP13-08', 'GENUINO YUMBO', 70, 5, 0, 1, 1),
	(540, 'MANGO LH', '125RP13-15', 'GENUINO YUMBO', 3, 2, 0, 1, 1),
	(541, 'MANGO RH', '125RP13-20', 'GENUINO YUMBO', 9, 2, 0, 1, 1),
	(542, 'CABLE DE ASPIROMETRO', '125RP14-01', 'GENUINO YUMBO', 59, 1, 0, 1, 1),
	(543, 'COBERTOR FRONTAL BK', '125RP14-02', 'GENUINO YUMBO', 3, 26, 0, 1, 1),
	(544, 'COBERTOR FRONTAL BL', '125RP14-03', 'GENUINO YUMBO', 60, 150, 0, 1, 1),
	(545, 'COBERTOR FRONTAL RD', '125RP14-04', 'GENUINO YUMBO', 74, 1, 0, 1, 1),
	(546, 'T DE BARRAS', '125RP14-05', 'GENUINO YUMBO', 40, 5, 0, 1, 1),
	(547, 'COBERTOR FILTRO DE AIRE', '125RP14-06', 'GENUINO YUMBO', 50, 3, 0, 1, 1),
	(548, 'BARRA COMPLETA RH', '125RP14-11', 'GENUINO YUMBO', 6, 10, 0, 1, 1),
	(549, 'CAJA DE ASPIROMETRO', '125RP14-15', 'GENUINO YUMBO', 15, 2, 0, 1, 1),
	(550, 'GUANTERA', '125RP14-16', 'GENUINO YUMBO', 21, 0, 0, 1, 1),
	(551, 'COBERTOR DE SILLON', '125RP15-01', 'GENUINO YUMBO', 151, 1, 0, 1, 1),
	(552, 'TAPADERA DE BATERIA', '125RP15-02', 'GENUINO YUMBO', 17, 1, 0, 1, 1),
	(553, 'COBERTOR DE PEDAL LH', '125RP15-03', 'GENUINO YUMBO', 3, 1, 0, 1, 1),
	(554, 'COBERTOR TRASERO LH BK', '125RP15-04', 'GENUINO YUMBO', 360, 2, 0, 1, 1),
	(555, 'COBERTOR TRASERO LH BL', '125RP15-05', 'GENUINO YUMBO', 14, 7, 0, 1, 1),
	(556, 'COBERTOR TRASERO RH BL', '125RP15-08', 'GENUINO YUMBO', 12, 2, 0, 1, 1),
	(557, 'PLACA DE UNION BK', '125RP15-09', 'GENUINO YUMBO', 11, 3, 0, 1, 1),
	(558, 'PLACA DE UNION BL', '125RP15-10', 'GENUINO YUMBO', 13, 1, 0, 1, 1),
	(559, 'COBERTOR LH BL', '125RP15-11', 'GENUINO YUMBO', 14, 1, 0, 1, 1),
	(560, 'COBERTOR LH RD', '125RP15-12', 'GENUINO YUMBO', 14, 1, 0, 1, 1),
	(561, 'COBERTOR RH RD', '125RP15-13', 'GENUINO YUMBO', 5, 6, 0, 1, 1),
	(562, 'PROTECTOR TRASERO NEGRO', '125RP15-16', 'GENUINO YUMBO', 9, 5, 0, 1, 1),
	(563, 'PROTECTOR TRASERO AZUL', '125RP15-20', 'GENUINO YUMBO', 4, 5, 0, 1, 1),
	(564, 'PROTECTOR TRASERO ROJO', '125RP16-02', 'GENUINO YUMBO', 42, 4, 0, 1, 1),
	(565, 'COBERTOR DELANTERO/LATERAL LH AZUL', '125RP16-03', 'GENUINO YUMBO', 32, 2, 0, 1, 1),
	(566, 'COBERTOR DELANTERO/LATERAL LH ROJO', '125RP16-04', 'GENUINO YUMBO', 6, 5, 0, 1, 1),
	(567, 'COBERTOR FRONTAL/LATERAL CORINTO RH', '125RP16-05', 'GENUINO YUMBO', 0, 0, 0, 1, 1),
	(568, 'PARRILLA TRASERA RD', '125RP17-14', 'GENUINO YUMBO', 60, 1, 0, 1, 1),
	(569, 'REFLECTOR LATERAL', '125RP18-01', 'GENUINO YUMBO', 140, 1, 0, 1, 1),
	(570, 'PLACA DE MATRICULA', '125RP18-01BLUE', 'GENUINO YUMBO', 129, 1, 0, 1, 1),
	(571, 'LUCES TRASERAS', '125RP18-01RED', 'GENUINO YUMBO', 163, 1, 0, 1, 1),
	(572, 'TALCO DE STOP', '125RP18-01YELLOW', 'GENUINO YUMBO', 106, 2, 0, 1, 1),
	(573, 'PARRILLA TRASERA COMPLETA', '125RP18-02', 'GENUINO YUMBO', 139, 2, 0, 1, 1),
	(574, 'COBERTOR CENTRAL', '125RP18-02BLUE', 'GENUINO YUMBO', 102, 0, 0, 1, 1),
	(575, 'CAJA TRASERA', '125RP18-02RED', 'GENUINO YUMBO', 91, 2, 0, 1, 1),
	(576, 'CAJA DE INTERNA', '125RP18-02YELLOW', 'GENUINO YUMBO', 107, 9, 0, 1, 1),
	(577, 'HARNES', '125RP18-04', 'GENUINO YUMBO', 4, 3, 0, 1, 1),
	(578, 'CABLE DE TIERRA', '125RP18-09', 'GENUINO YUMBO', 1365, 5, 0, 1, 1),
	(579, 'CABLE DE BATERIA', '125RP18-09RED', 'GENUINO YUMBO', 43, 1, 0, 1, 1),
	(580, 'BASE FRONTAL', '125RP19-01', 'GENUINO YUMBO', 110, 1, 0, 1, 1),
	(581, 'SEGURO DE SILLON', '125RP19-04', 'GENUINO YUMBO', 1, 800, 0, 1, 1),
	(582, 'COBERTOR DE ESCAPE', '125RP19-05', 'GENUINO YUMBO', 18, 8, 0, 1, 1),
	(583, 'RESORTE DE PATA DOBLE', '125RP19-06', 'GENUINO YUMBO', 0, 5, 0, 1, 1),
	(584, 'REFLECTOR TRASERO', '125RP19-07', 'GENUINO YUMBO', 115, 11, 0, 1, 1),
	(585, 'PATA LATERAL', '125RP19-09', 'GENUINO YUMBO', 19, 5, 0, 1, 1),
	(586, 'KIT RETROVISORES CELESTE RH Y LH', '125RP19-12', 'GENUINO YUMBO', 6, 10, 0, 1, 1),
	(587, 'KIT RETROVISORES RH Y LH GRIS', '125RP19-14', 'GENUINO YUMBO', 21, 4, 0, 1, 1),
	(588, 'KIT RETROVISORES LH Y RH ROJO', '125RP19-22', 'GENUINO YUMBO', 19, 9, 0, 1, 1),
	(589, 'COBERTOR FRONTAL CELESTE/ GRIS', '125RP19-24', 'GENUINO YUMBO', 14, 1, 0, 1, 1),
	(590, 'COBERTOR FRONTAL CELESTE/ GRIS', '125RP20-01', 'GENUINO YUMBO', 75, 8, 0, 1, 1),
	(591, 'COBERTOR FRONTAL ROJO', '125RP20-02', 'GENUINO YUMBO', 23, 8, 0, 1, 1),
	(592, 'COBERTOR TRASERO GRIS', '125RP20-03', 'GENUINO YUMBO', 3, 13, 0, 1, 1),
	(593, 'COBERTOR FRONTAL ROJO', '125RP20-06', 'GENUINO YUMBO', 2, 10, 0, 1, 1),
	(594, 'COBERTOR PISO RH CELESTE', '125RP20-09', 'GENUINO YUMBO', 4, 7, 0, 1, 1),
	(595, 'COBERTOR PISO RH GRIS', '125RP21-01', 'GENUINO YUMBO', 17, 26, 0, 1, 1),
	(596, 'COBERTOR PISO RH ROJO', '125RP21-02', 'GENUINO YUMBO', 2, 21, 0, 1, 1),
	(597, 'COBERTOR LATERAL RH CELESTE', '125RP21-04', 'GENUINO YUMBO', 4, 190, 0, 1, 1),
	(598, 'COBERTOR LATERAL RH GRIS', '125RP21-05', 'GENUINO YUMBO', 29, 2, 0, 1, 1),
	(599, 'COBERTOR LATERAL RH ROJO', '125RP21-07', 'GENUINO YUMBO', 52, 1, 0, 1, 1),
	(600, 'PARRILLA TRASERA CELESTE', '125RP21-08', 'GENUINO YUMBO', 73, 0, 0, 1, 1),
	(601, 'PARRILLA TRASERA GRIS', '125RP21-09', 'GENUINO YUMBO', 125, 10, 0, 1, 1),
	(602, 'PARRILLA TRASERA ROJO', '125RP21-10', 'GENUINO YUMBO', 136, 50, 0, 1, 1),
	(603, 'BASE PARRILLA TRASERA CELESTE', '125RP22-01', 'GENUINO YUMBO', 66, 150, 0, 1, 1),
	(604, 'BASE PARRILLA TRASERA GRIS', '125RP22-01-01', 'PARALELO', 3, 6, 0, 1, 1),
	(605, 'BASE PARRILLA TRASERA ROJO', '125RP22-07', 'GENUINO YUMBO', 24, 8, 0, 1, 1),
	(606, 'LODERA DELANTERA GRIS', '125RP22-07NM', 'GENUINO YUMBO', 12, 1, 0, 1, 1),
	(607, 'LODERA INFERIOR TRASERA CELESTE', '125RP22-08', 'GENUINO YUMBO', 3, 10, 0, 1, 1),
	(608, 'LODERA DELANTERA GRIS', '125RP23-06', 'GENUINO YUMBO', 7, 150, 0, 1, 1),
	(609, 'LODERA INFERIOR TRASERA CORINTO', '125RP24-10', 'GENUINO YUMBO', 2, 2, 0, 1, 1),
	(610, 'KIT DE EMPAQUES MEDIO UM200 CADENILLA', '125RP24-15', 'GENUINO YUMBO', 12, 10, 0, 1, 1),
	(611, 'KIT DE EMPAQUES MEDIO UM FORZA100', '125RP24-19', 'GENUINO YUMBO', 20, 95, 0, 1, 1),
	(612, 'KIT DE EMPAQUES MEDIO UM MAGNETIC125', '125RP25-01', 'GENUINO YUMBO', 22, 95, 0, 1, 1),
	(613, 'TORNILLO', '125RP25-04', 'GENUINO YUMBO', 61, 9, 0, 1, 1),
	(614, 'COBERTOR DE TIMON NEGRO', '125RP25-06', 'GENUINO YUMBO', 8, 8, 0, 1, 1),
	(615, 'COBERTOR FRONTAL ROJO', '125RP25-09', 'GENUINO YUMBO', 3, 2, 0, 1, 1),
	(616, 'COBERTOR FRONTAL BLANCO', '125RP25-10', 'GENUINO YUMBO', 29, 3, 0, 1, 1),
	(617, 'ROSCA DE TORNILLO', '125RP25-12', 'GENUINO YUMBO', 1, 2, 0, 1, 1),
	(618, 'WINDSHIELD NEGRO', '125RP25-20', 'GENUINO YUMBO', 5, 0, 0, 1, 1),
	(619, 'WINDSHIEDL ROJO OSCURO', '125RP26-01', 'GENUINO YUMBO', 2, 8, 0, 1, 1),
	(620, 'WINDSHIELD BLANCO', '125RP26-05', 'GENUINO YUMBO', 30, 1, 0, 1, 1),
	(621, 'RELOJ DE ASPIROMETRO', '125RP26-07', 'GENUINO YUMBO', 35, 0, 0, 1, 1),
	(622, 'COBERTOR DE ASPIROMETRO', '125RP26-12', 'GENUINO YUMBO', 159, 1, 0, 1, 1),
	(623, 'SWITCH DE CAMBIO DE LUCES', '125RP27-02', 'GENUINO YUMBO', 27, 1, 0, 1, 1),
	(624, 'SWITCH DE PIDEVIAS', '125RP27-03', 'GENUINO YUMBO', 26, 100, 0, 1, 1),
	(625, 'SWITCH DE BOCINA', '125RP27-07', 'GENUINO YUMBO', 3, 85, 0, 1, 1),
	(626, 'SWITCH LUZ INTERMITENTE', '125RP28-03', 'GENUINO YUMBO', 7, 3, 0, 1, 1),
	(627, 'SWITCH DE LUCES', '125RP28-04', 'GENUINO YUMBO', 30, 43, 0, 1, 1),
	(628, 'SWITCH ARRANQUE', '125RP28-05', 'GENUINO YUMBO', 5, 4, 0, 1, 1),
	(629, 'ARNES', '125RP28-07', 'GENUINO YUMBO', 160, 1, 0, 1, 1),
	(630, 'BOMBILLA DE ASIPIROMETRO', '125RP29-02', 'GENUINO YUMBO', 60, 2, 0, 1, 1),
	(631, 'CUBIERTA DECORATIVA DE ASPIROMETRO', '125RP29-03', 'GENUINO YUMBO', 3, 49, 0, 1, 1),
	(632, 'BASE DE ASPIROMETRO', '125RP29-06', 'GENUINO YUMBO', 3, 0, 0, 1, 1),
	(633, 'TIMON', '125RP29-07', 'GENUINO YUMBO', 0, 9, 0, 1, 1),
	(634, 'MANGO DE GASOLINA', '125RP29-11', 'GENUINO YUMBO', 3, 10, 0, 1, 1),
	(635, 'MANGO LH', '125RP30-01', 'GENUINO YUMBO', 87, 11, 0, 1, 1),
	(636, 'TORNILLO DE AJUSTE', '125RP30-01BLUE', 'GENUINO YUMBO', 83, 7, 0, 1, 1),
	(637, 'ARANDELA DE PRESION', '125RP30-01RED', 'GENUINO YUMBO', 70, 4, 0, 1, 1),
	(638, 'TUERCA DE TAPON', '125RP30-01YELLOW', 'GENUINO YUMBO', 56, 20, 0, 1, 1),
	(639, 'MANECILLA LH COMPLETA', '125RP30-02', 'GENUINO YUMBO', 93, 60, 0, 1, 1),
	(640, 'MANCELLLA LH', '125RP30-02BLUE', 'GENUINO YUMBO', 92, 6, 0, 1, 1),
	(641, 'TORNILLO M6 X 12', '125RP30-02RED', 'GENUINO YUMBO', 88, 15, 0, 1, 1),
	(642, 'SUJETADOR SOPORTE DE FRENO', '125RP30-02YELLOW', 'GENUINO YUMBO', 83, 2, 0, 1, 1),
	(643, 'ARANDELA', '125RP30-2BLUE', 'GENUINO YUMBO', 40, -1, 0, 1, 1),
	(644, 'CABLE DE FRENO', '125RP30-2RED', 'GENUINO YUMBO', 42, 10, 0, 1, 1),
	(645, 'VICERA FRONTAL', '125RP30-2YELLOW', 'GENUINO YUMBO', 40, 20, 0, 1, 1),
	(646, 'CLIP', '125RP31-01', 'GENUINO YUMBO', 82, 36, 0, 1, 1),
	(647, 'KEIS DE SILVIN NEGRO', '125RP31-02', 'GENUINO YUMBO', 63, 5, 0, 1, 1),
	(648, 'CARETA DE SILVIN ROJO OSCURO', '125RP31-03', 'GENUINO YUMBO', 7, 15, 0, 1, 1),
	(649, 'CARETA DE SILVIN BLANCO', '125RP31-06', 'GENUINO YUMBO', 15, 3, 0, 1, 1),
	(650, 'SILVIN DERECHO', '125RP31-12', 'GENUINO YUMBO', 83, 1, 0, 1, 1),
	(651, 'SILVIN IZQUIERDO', '125RP32-01', 'GENUINO YUMBO', 6, 3, 0, 1, 1),
	(652, 'TORNILLO DE ROSCA', '125RP32-02', 'GENUINO YUMBO', 9, 96, 0, 1, 1),
	(653, 'ROMPEVIENTO', '125RP32-02A', 'GENUINO YUMBO', 5, 48, 0, 1, 1),
	(654, 'ROMPEVIENTO', '125RP32-04', 'GENUINO YUMBO', 51, 25, 0, 1, 1),
	(655, 'ROMPEVIENTO', '125RP32-06', 'GENUINO YUMBO', 53, 25, 0, 1, 1),
	(656, 'TAPA DE COBERTOR FRONTAL NEGRO', '125RP32-08', 'GENUINO YUMBO', 235, 11, 0, 1, 1),
	(657, 'TAPA DE COBERTOR FRONTAL ROJO', '125RP33-02', 'GENUINO YUMBO', 15, 20, 0, 1, 1),
	(658, 'ARANDELA DE GOMA', '125RP34-01', 'GENUINO YUMBO', 10, 8, 0, 1, 1),
	(659, 'TORNILLO', '125RP34-02', 'GENUINO YUMBO', 17, 0, 0, 1, 1),
	(660, 'COBERTOR LATERAL RH NEGRO', '125RP34-03', 'GENUINO YUMBO', 3, 10, 0, 1, 1),
	(661, 'COBERTOR LATERAL LH BLANCO', '125RP34-04', 'GENUINO YUMBO', 4, 1, 0, 1, 1),
	(662, 'PIDEVIA RH', '125RP34-05', 'GENUINO YUMBO', 19, 5, 0, 1, 1),
	(663, 'KIT DE REGISTRO', '125RP34-06', 'GENUINO YUMBO', 4, 0, 0, 1, 1),
	(664, 'TORNILLO SUJETADOR', '125RP34-07', 'GENUINO YUMBO', 82, 3, 0, 1, 1),
	(665, 'PASADOR', '125RP34-12', 'GENUINO YUMBO', 45, 20, 0, 1, 1),
	(666, 'CABLE DE SEGURO', '125RP34-14', 'GENUINO YUMBO', 422, 5, 0, 1, 1),
	(667, 'CAJA DELANTERA', '125RP35-01BLUE', 'GENUINO YUMBO', 166, 14, 0, 1, 1),
	(668, 'CAJA TRASERA', '125RP35-01RED', 'GENUINO YUMBO', 153, 346, 0, 1, 1),
	(669, 'TAPADERA DE CAJA DE EQUIPAJE', '125RP35-01YELLOW', 'GENUINO YUMBO', 153, 0, 0, 1, 1),
	(670, 'COBERTOR LATERAL LH NEGRO', '125RP35-02', 'GENUINO YUMBO', 77, 25, 0, 1, 1),
	(671, 'COBERTOR LATERAL LH CORINTO', '125RP35-02BLACK', 'GENUINO YUMBO', 69, 5, 0, 1, 1),
	(672, 'COBERTOR LATERAL LH BLANCO', '125RP35-02GREY', 'GENUINO YUMBO', 63, 5, 0, 1, 1),
	(673, 'COBERTOR LATERAL RH  NEGRO', '125RP35-06', 'GENUINO YUMBO', 46, 17, 0, 1, 1),
	(674, 'COBERTOR LATERAL RH  CORINTO', '125RP35-06RED', 'GENUINO YUMBO', 24, 5, 0, 1, 1),
	(675, 'COBERTOR LATERAL LH BLANCO', '125RP35-1BLUE', 'GENUINO YUMBO', 94, 3, 0, 1, 1),
	(676, 'TORNILLO CON ROSCA', '125RP35-1RED', 'GENUINO YUMBO', 96, 23, 0, 1, 1),
	(677, 'COBERTRO TRASERO', '125RP35-1YELLOW', 'GENUINO YUMBO', 93, 4, 0, 1, 1),
	(678, 'COBERTOR TRASERO CORINTO', '125RP35-2BLACK', 'GENUINO YUMBO', 66, 1, 0, 1, 1),
	(679, 'COBERTOR TRASERO', '125RP35-6A', 'GENUINO YUMBO', 3, 3, 0, 1, 1),
	(680, 'COBERTOR LATERAL LH NEGRO', '125RP35-6YELLOW', 'GENUINO YUMBO', 10, 1, 0, 1, 1),
	(681, 'COBERTOR DECORATIVO LH', '125RP36-01', 'GENUINO YUMBO', 99, 4, 0, 1, 1),
	(682, 'COBERTOR DECORATIVO LH', '125RP36-01BLACK', 'GENUINO YUMBO', 95, 5, 0, 1, 1),
	(683, 'COBERTOR LATERAL LH NEGRO', '125RP36-01GREY', 'GENUINO YUMBO', 128, 5, 0, 1, 1),
	(684, 'COBERTOR LATERAL LH ROJO', '125RP36-02', 'GENUINO YUMBO', 112, 6, 0, 1, 1),
	(685, 'COBERTOR LATERAL LH BLANCO', '125RP36-02BLACK', 'GENUINO YUMBO', 95, 3, 0, 1, 1),
	(686, 'COBERTOR LATERAL RH NEGRO', '125RP36-02GREY', 'GENUINO YUMBO', 101, 73, 0, 1, 1),
	(687, 'COBERTOR LATERAL RH ROJO', '125RP36-03', 'GENUINO YUMBO', 16, 215, 0, 1, 1),
	(688, 'COBERTOR LATERAL RH NEGRO', '125RP37-01', 'GENUINO YUMBO', 33, 3, 0, 1, 1),
	(689, 'LODERA TRASERA', '125RP37-02', 'GENUINO YUMBO', 47, 5, 0, 1, 1),
	(690, 'SEGURO DE LODERA', '125RP37-05', 'GENUINO YUMBO', 32, 6, 0, 1, 1),
	(691, 'LUZ DE PLACA', '125RP39-02', 'GENUINO YUMBO', 414, 10, 0, 1, 1),
	(692, 'TUERCA', '125RP39-05', 'GENUINO YUMBO', 8, 5, 0, 1, 1),
	(693, 'REFLECTOR DE PLACA', '125RP39-06', 'GENUINO YUMBO', 10, 4, 0, 1, 1),
	(694, 'STOP TRASERO', '125RP39-12', 'GENUINO YUMBO', 1, 10, 0, 1, 1),
	(695, 'COLA TRASERA', '125RP39-13', 'GENUINO YUMBO', 3, 20, 0, 1, 1),
	(696, 'TORNILLO INTERNO', '125RP40-01', 'GENUINO YUMBO', 60, 4, 0, 1, 1),
	(697, 'TAPADERA DE COLA', '125RP40-09', 'GENUINO YUMBO', 0, 18, 0, 1, 1),
	(698, 'TAPADERA DE COLA', '125RP42-01', 'GENUINO YUMBO', 62, 12, 0, 1, 1),
	(699, 'TAPADERA DE COLA', '125RP42-03', 'GENUINO YUMBO', 25, 15, 0, 1, 1),
	(700, 'BASE LH', '125RP42-06', 'GENUINO YUMBO', 2, 29, 0, 1, 1),
	(701, 'BASE RH', '125RP42-07', 'GENUINO YUMBO', 12, 13, 0, 1, 1),
	(702, 'COBERTOR DE TORNILLO', '125RP42-15', 'GENUINO YUMBO', 7, 5, 0, 1, 1),
	(703, 'CUBIERTA', '125RP43-01', 'GENUINO YUMBO', 137, 9, 0, 1, 1),
	(704, 'TAPADERA DE GUANTERA', '125RP43-02', 'GENUINO YUMBO', 191, 5, 0, 1, 1),
	(705, 'SOPORTE PIE DE DESCANSO RH', '125RP43-03', 'GENUINO YUMBO', 4, 5, 0, 1, 1),
	(706, 'SOPORTE PIE DE DESCANSO LH', '125RP43-05', 'GENUINO YUMBO', 8, 5, 0, 1, 1),
	(707, 'GUARDAFANGO TRASERO', '125RP43-06', 'GENUINO YUMBO', 6, 4, 0, 1, 1),
	(708, 'TANQUE DE GASOLINA', '125RP43-07', 'GENUINO YUMBO', 2, 5, 0, 1, 1),
	(709, 'TAPON DE TANQUE', '125RP43-08', 'GENUINO YUMBO', 7, 9, 0, 1, 1),
	(710, 'SENSOR DE COMBUSTIBLE COMPLETO', '125RP43-10', 'GENUINO YUMBO', 1, 10, 0, 1, 1),
	(711, 'SENSOR DE COMBUSTIBLE', '125RP43-13', 'GENUINO YUMBO', 278, 10, 0, 1, 1),
	(712, 'ANILLOS DE SEGURO', '125RP43-14', 'GENUINO YUMBO', 0, 0, 0, 1, 1),
	(713, 'PLACA DE PRESION DE TANQUE', '125RP44-01', 'GENUINO YUMBO', 21, 10, 0, 1, 1),
	(714, 'CABLE POSITIVO', '125RP44-01BLACK', 'GENUINO YUMBO', 19, 10, 0, 1, 1),
	(715, 'CABLE POSITIVO', '125RP44-01GREY', 'GENUINO YUMBO', 18, 10, 0, 1, 1),
	(716, 'BOBINA DE ALTA', '125RP44-02', 'GENUINO YUMBO', 24, 5, 0, 1, 1),
	(717, 'RELAY DE STARTER', '125RP44-02BLACK', 'GENUINO YUMBO', 18, 3, 0, 1, 1),
	(718, 'CDI', '125RP44-02GREY', 'GENUINO YUMBO', 17, 20, 0, 1, 1),
	(719, 'KIT DE CUNAS', '125RP44-03', 'GENUINO YUMBO', 83, 1, 0, 1, 1),
	(720, 'BARRA DERECHA', '125RP44-03BLUE', 'GENUINO YUMBO', 83, 9, 0, 1, 1),
	(721, 'BARRA IZQUIERDA', '125RP44-03RED', 'GENUINO YUMBO', 83, 19, 0, 1, 1),
	(722, 'LODERA DELANTERA', '125RP44-03YELLOW', 'GENUINO YUMBO', 85, 10, 0, 1, 1),
	(723, 'LODERA DELANTERA', '125RP44-04', 'GENUINO YUMBO', 83, 1, 0, 1, 1),
	(724, 'LODERA DELANTERA', '125RP44-07', 'GENUINO YUMBO', 4, 1, 0, 1, 1),
	(725, 'LODERA CORINTO', '125RP44-08', 'GENUINO YUMBO', 15, 0, 0, 1, 1),
	(726, 'CLIP DE FIJACION', '125RP44-09', 'GENUINO YUMBO', 13, 4, 0, 1, 1),
	(727, 'ANILLO DE MEDICION', '125RP44-11', 'GENUINO YUMBO', 2, 0, 0, 1, 1),
	(728, 'EJE DELANTERO COMPLETO', '125RP45-01', 'GENUINO YUMBO', 52, 2, 0, 1, 1),
	(729, 'EJE DELANTERO', '125RP46-01', 'GENUINO YUMBO', 43, 1, 0, 1, 1),
	(730, 'ESPACIADOR', '125RP46-02', 'GENUINO YUMBO', 0, 0, 0, 1, 1),
	(731, 'TUERCA', '125RP46-03', 'GENUINO YUMBO', 12, 10, 0, 1, 1),
	(732, 'VALVULA DE LLANTA', '125RP46-04', 'GENUINO YUMBO', 80, 20, 0, 1, 1),
	(733, 'ARO DE LLANTA DELANTERO', '125RP46-05', 'GENUINO YUMBO', 21, 14, 0, 1, 1),
	(734, 'TORNILLO', '125RP46-06', 'GENUINO YUMBO', 168, 23, 0, 1, 1),
	(735, 'SISTEMA DE FRENO', '125RP46-10', 'GENUINO YUMBO', 116, 4, 0, 1, 1),
	(736, 'TORNILLO DISCO DE FRENO', '125RP46-14', 'GENUINO YUMBO', 35, 2, 0, 1, 1),
	(737, 'SUSPENSION DE BOMBA', '125RP46-15', 'GENUINO YUMBO', 23, 4, 0, 1, 1),
	(738, 'TORNILLO', '125RP47-04', 'GENUINO YUMBO', 14, 12, 0, 1, 1),
	(739, 'AMORTIGUADOR', '125RP47-08', 'GENUINO YUMBO', 89, 0, 0, 1, 1),
	(740, 'TORNILLO HEXAGONAL', '125RP47-09', 'GENUINO YUMBO', 712, 20, 0, 1, 1),
	(741, 'SOPORTE DE GUARDAFANGOS TRASERO RH', '125RP47-14', 'GENUINO YUMBO', 26, 4, 0, 1, 1),
	(742, 'MULETA', '125RP47-15', 'GENUINO YUMBO', 112, 6, 0, 1, 1),
	(743, 'CLIP, LIMPIADOR DE AIRE', '125RP47-20', 'GENUINO YUMBO', 1, 0, 0, 1, 1),
	(744, 'ELEMENTO DEL FILTRO', '125RP48-01', 'GENUINO YUMBO', 34, 1, 0, 1, 1),
	(745, 'TORNILLO PHILLIP', '125RPBOMBA', 'GENUINO YUMBO', 257, 8, 0, 1, 1),
	(746, 'CUBIERTA SUPERIOR DE FILTRO', '13125BIT16-01RD', 'GENUINO YUMBO', 76, 8, 0, 1, 1),
	(747, 'TAPON DE HULE', '13125BIT16-02BK', 'GENUINO YUMBO', 99, 939, 0, 1, 1),
	(748, 'SEGURO DE MANGUERA', '13125BIT19-01BK', 'GENUINO YUMBO', 193, 3, 0, 1, 1),
	(749, 'MANGUERA RECUPERACION DE ACEITE', '13125BIT19-01CL', 'GENUINO YUMBO', 196, 15, 0, 1, 1),
	(750, 'TORNILLO', '13125RP18-01BK', 'GENUINO YUMBO', 132, 77, 0, 1, 1),
	(751, 'TORNILLO HEXAGONAL', '13125RP18-01BL', 'GENUINO YUMBO', 132, 5, 0, 1, 1),
	(752, 'SOPORTE DE FILTRO', '13125RP18-01RD', 'GENUINO YUMBO', 132, 65, 0, 1, 1),
	(753, 'TUBO DE ESCAPE ALUMINIO', '13125RP18-02BK', 'GENUINO YUMBO', 132, 64, 0, 1, 1),
	(754, 'ARANDELA DE HULE', '13125RP18-02BL', 'GENUINO YUMBO', 132, 38, 0, 1, 1),
	(755, 'TUERCA', '13125RP18-02RD', 'GENUINO YUMBO', 132, 2, 0, 1, 1),
	(756, 'TORNILLO', '13125RP18-09BK', 'GENUINO YUMBO', 41, 42, 0, 1, 1),
	(757, 'CHASIS', '13125RP18-09BL', 'GENUINO YUMBO', 41, 1, 0, 1, 1),
	(758, 'SOPORTE DE CHASIS', '13125RP18-09RD', 'GENUINO YUMBO', 41, 6, 0, 1, 1),
	(759, 'SEPARADOR', '13125RP35-01BL', 'GENUINO YUMBO', 117, 0, 0, 1, 1),
	(760, 'SOPORTE PARA EQUIPAJE', '13125RP35-01BLUE', 'GENUINO YUMBO', 185, 4, 0, 1, 1),
	(761, 'KIT DE HERRAMIENTAS', '13125RP35-01GR', 'GENUINO YUMBO', 117, 15, 0, 1, 1),
	(762, 'PLACA BASE DE SILVIN', '13125RP35-01RD', 'GENUINO YUMBO', 117, 3, 0, 1, 1),
	(763, 'BASE DE SILVIN', '13200DK18-06', 'GENUINO YUMBO', 38, 5, 0, 1, 1),
	(764, 'ABRAZADERA DE TIMON', '13BIT12501-01BL', 'GENUINO YUMBO', 23, -1, 0, 1, 0),
	(765, 'ABRAZADERA DE TIMON', '13BIT12501-07', 'GENUINO YUMBO', 1, 0, 0, 1, 0),
	(766, 'EMPAQUE DE T BARRA', '13BIT12501-08', 'GENUINO YUMBO', 4, 5, 0, 1, 1),
	(767, 'GUIA DE CABLE', '13BIT12502-01BK', 'GENUINO YUMBO', 88, 4, 0, 1, 1),
	(768, 'CAJA DE ASPIROMETRO', '13BIT12502-01BL', 'GENUINO YUMBO', 86, 19, 0, 1, 1),
	(769, 'TUERCA DE EJE DELANTERO', '13BIT12502-01RD', 'GENUINO YUMBO', 75, 19, 0, 1, 1),
	(770, 'DISCO DE FRENO DELANTERO', '13BIT12502-03', 'GENUINO YUMBO', 33, 19, 0, 1, 1),
	(771, 'GUIA DE CADENA', '13BIT12503-01', 'GENUINO YUMBO', 76, 4, 0, 1, 1),
	(772, 'TUERCA M15', '13BIT12503-22', 'GENUINO YUMBO', 45, 20, 0, 1, 1),
	(773, 'CARGADOR FRONTAL LH', '13BIT12504-01', 'GENUINO YUMBO', 14, 4, 0, 1, 1),
	(774, 'CARGADOR FRONTAL DERECHO', '13BIT12504-07', 'GENUINO YUMBO', 12, 11, 0, 1, 1),
	(775, 'Iphone', 'I80P22', 'Celular Inteligente', 350, 10, 0, 1, 1);
/*!40000 ALTER TABLE `inventario` ENABLE KEYS */;

-- Volcando estructura para tabla qm.inventario_facturado
CREATE TABLE IF NOT EXISTS `inventario_facturado` (
  `id` int(11) NOT NULL AUTO_INCREMENT,
  `num_fact` bigint(20) DEFAULT NULL,
  `id_inventario` int(11) DEFAULT NULL,
  `id_usuario` int(11) DEFAULT NULL,
  `cantidad` int(11) DEFAULT NULL,
  `iva` tinyint(4) DEFAULT NULL,
  `fecha` date DEFAULT NULL,
  PRIMARY KEY (`id`)
) ENGINE=InnoDB AUTO_INCREMENT=125 DEFAULT CHARSET=latin1;

-- Volcando datos para la tabla qm.inventario_facturado: ~88 rows (aproximadamente)
/*!40000 ALTER TABLE `inventario_facturado` DISABLE KEYS */;
INSERT INTO `inventario_facturado` (`id`, `num_fact`, `id_inventario`, `id_usuario`, `cantidad`, `iva`, `fecha`) VALUES
	(1, 201709281937491, 1, 1, 1, 0, '2017-09-28'),
	(2, 201709282033271, 1, 1, 1, 0, '2017-09-28'),
	(3, 201709282033381, 1, 1, 1, 0, '2017-09-28'),
	(4, 201709282033461, 1, 1, 1, 0, '2017-09-28'),
	(5, 201709282042361, 1, 1, 1, 1, '2017-09-28'),
	(6, 201709282151011, 1, 1, 1, 1, '2017-09-28'),
	(7, 201709282153051, 60, 1, 1, 1, '2017-09-28'),
	(8, 201709282155191, 60, 1, 1, 0, '2017-09-28'),
	(9, 201709282155321, 60, 1, 1, 0, '2017-09-28'),
	(10, 201709282157101, 173, 1, 1, 1, '2017-09-28'),
	(11, 201709282157581, 60, 1, 1, 1, '2017-09-28'),
	(12, 201709292017541, 60, 1, 1, 1, '2017-09-29'),
	(13, 201709292018151, 60, 1, 1, 0, '2017-09-29'),
	(14, 201709292022081, 60, 1, 1, 0, '2017-09-29'),
	(15, 201709292022081, 204, 1, 1, 0, '2017-09-29'),
	(16, 201709292022081, 146, 1, 1, 0, '2017-09-29'),
	(17, 201709292022081, 206, 1, 1, 0, '2017-09-29'),
	(18, 201709292022401, 60, 1, 1, 0, '2017-09-29'),
	(19, 201709292022411, 204, 1, 1, 0, '2017-09-29'),
	(20, 201709292022411, 146, 1, 1, 0, '2017-09-29'),
	(21, 201709292022411, 206, 1, 1, 0, '2017-09-29'),
	(22, 201709292022511, 60, 1, 1, 0, '2017-09-29'),
	(23, 201709292022511, 204, 1, 1, 0, '2017-09-29'),
	(24, 201709292022511, 146, 1, 1, 0, '2017-09-29'),
	(25, 201709292022511, 206, 1, 1, 0, '2017-09-29'),
	(26, 201709292023571, 60, 1, 1, 0, '2017-09-29'),
	(27, 201709292023571, 204, 1, 1, 0, '2017-09-29'),
	(28, 201709292023571, 146, 1, 1, 0, '2017-09-29'),
	(29, 201709292023571, 206, 1, 1, 0, '2017-09-29'),
	(30, 201709292024471, 60, 1, 1, 1, '2017-09-29'),
	(31, 201709292024471, 204, 1, 1, 1, '2017-09-29'),
	(32, 201709292024471, 146, 1, 1, 1, '2017-09-29'),
	(33, 201709292024471, 206, 1, 1, 1, '2017-09-29'),
	(34, 201709292051231, 637, 1, 5, 1, '2017-09-29'),
	(35, 201709292051231, 471, 1, 1, 1, '2017-09-29'),
	(36, 201709292054281, 721, 1, 1, 1, '2017-09-29'),
	(37, 201709292054281, 60, 1, 1, 1, '2017-09-29'),
	(38, 201709292054541, 206, 1, 1, 1, '2017-09-29'),
	(39, 201709292054541, 204, 1, 1, 1, '2017-09-29'),
	(40, 201709292055131, 206, 1, 1, 1, '2017-09-29'),
	(41, 201709292055131, 204, 1, 1, 1, '2017-09-29'),
	(42, 201709292055211, 206, 1, 1, 1, '2017-09-29'),
	(43, 201709292055211, 204, 1, 1, 1, '2017-09-29'),
	(44, 201709292057541, 627, 1, 1, 1, '2017-09-29'),
	(45, 201709292057541, 126, 1, 1, 1, '2017-09-29'),
	(46, 201709292059581, 265, 1, 1, 1, '2017-09-29'),
	(47, 201709292059581, 441, 1, 2, 1, '2017-09-29'),
	(48, 201709292059581, 266, 1, 1, 1, '2017-09-29'),
	(49, 201709292059581, 618, 1, 51, 1, '2017-09-29'),
	(50, 201709292059581, 399, 1, 1, 1, '2017-09-29'),
	(51, 201709292248251, 35, 1, 1, 1, '2017-09-29'),
	(52, 201709292248251, 399, 1, 1, 1, '2017-09-29'),
	(53, 201709292248251, 204, 1, 1, 1, '2017-09-29'),
	(54, 201709292312281, 173, 1, 2, 1, '2017-09-29'),
	(55, 201709292328121, 401, 1, 1, 0, '2017-09-29'),
	(56, 201709292328211, 60, 1, 1, 1, '2017-09-29'),
	(57, 201709292328211, 204, 1, 1, 1, '2017-09-29'),
	(58, 201709292329241, 60, 1, 1, 0, '2017-09-29'),
	(59, 201709292329241, 204, 1, 1, 0, '2017-09-29'),
	(60, 201709292332281, 34, 1, 1, 1, '2017-09-29'),
	(61, 201709292332281, 35, 1, 1, 1, '2017-09-29'),
	(62, 201709292332281, 33, 1, 1, 1, '2017-09-29'),
	(63, 201709292332281, 65, 1, 1, 1, '2017-09-29'),
	(64, 201709292332281, 171, 1, 1, 1, '2017-09-29'),
	(65, 201709292332281, 170, 1, 1, 1, '2017-09-29'),
	(66, 201709292332281, 637, 1, 1, 1, '2017-09-29'),
	(67, 201709292332281, 64, 1, 1, 1, '2017-09-29'),
	(68, 201709292332281, 70, 1, 1, 1, '2017-09-29'),
	(69, 201709292332281, 80, 1, 1, 1, '2017-09-29'),
	(70, 201709292332281, 40, 1, 1, 1, '2017-09-29'),
	(71, 201709292332281, 754, 1, 1, 1, '2017-09-29'),
	(72, 201709292332281, 658, 1, 1, 1, '2017-09-29'),
	(73, 201709292332281, 401, 1, 1, 1, '2017-09-29'),
	(74, 201709292332281, 297, 1, 1, 1, '2017-09-29'),
	(75, 201709292332281, 60, 1, 1, 1, '2017-09-29'),
	(76, 201709292332281, 206, 1, 1, 1, '2017-09-29'),
	(77, 201709292332281, 204, 1, 1, 1, '2017-09-29'),
	(78, 201709292332281, 173, 1, 1, 1, '2017-09-29'),
	(79, 201709292341301, 173, 1, 1, 1, '2017-09-29'),
	(80, 201709292349361, 204, 1, 1, 1, '2017-09-29'),
	(81, 201709292350151, 297, 1, 1, 1, '2017-09-29'),
	(82, 201709292350151, 60, 1, 1, 1, '2017-09-29'),
	(83, 201709292350151, 206, 1, 1, 1, '2017-09-29'),
	(84, 201709300002292, 526, 2, 1, 1, '2017-09-30'),
	(85, 201709300002292, 392, 2, 1, 1, '2017-09-30'),
	(86, 201709300002292, 60, 2, 5, 1, '2017-09-30'),
	(87, 201709300004522, 401, 2, 1, 1, '2017-09-30'),
	(88, 201709300004522, 60, 2, 1, 1, '2017-09-30'),
	(89, 201709300004522, 204, 2, 1, 1, '2017-09-30'),
	(90, 201709300006392, 658, 2, 1, 0, '2017-09-30'),
	(91, 201709300006392, 401, 2, 5, 0, '2017-09-30'),
	(92, 201709300006392, 60, 2, 1, 0, '2017-09-30'),
	(93, 201709300014482, 60, 2, 1, 1, '2017-09-30'),
	(94, 201709300014482, 206, 2, 1, 1, '2017-09-30'),
	(95, 201709300015362, 658, 2, 1, 1, '2017-09-30'),
	(96, 201709300015362, 60, 2, 1, 1, '2017-09-30'),
	(97, 201709300018472, 60, 2, 1, 1, '2017-09-30'),
	(98, 201709300018472, 401, 2, 1, 1, '2017-09-30'),
	(99, 201709302147201, 206, 1, 1, 1, '2017-09-30'),
	(100, 201709302149171, 206, 1, 1, 1, '2017-09-30'),
	(101, 201709302152581, 754, 1, 1, 1, '2017-09-30'),
	(102, 201709302153301, 401, 1, 1, 1, '2017-09-30'),
	(103, 201709302153301, 60, 1, 1, 1, '2017-09-30'),
	(104, 201709302157471, 206, 1, 1, 1, '2017-09-30'),
	(105, 201709302158391, 206, 1, 1, 1, '2017-09-30'),
	(106, 201709302158541, 206, 1, 1, 1, '2017-09-30'),
	(107, 201709302158541, 204, 1, 1, 1, '2017-09-30'),
	(108, 201709302201321, 60, 1, 1, 1, '2017-09-30'),
	(109, 201709302203211, 401, 1, 1, 1, '2017-09-30'),
	(110, 201709302203211, 60, 1, 1, 1, '2017-09-30'),
	(111, 201709302207101, 60, 1, 1, 1, '2017-09-30'),
	(112, 201709302210261, 204, 1, 1, 1, '2017-09-30'),
	(113, 201709302210261, 206, 1, 1, 1, '2017-09-30'),
	(114, 201709302213331, 60, 1, 1, 1, '2017-09-30'),
	(115, 201709302213331, 206, 1, 1, 1, '2017-09-30'),
	(116, 201709302217241, 206, 1, 1, 1, '2017-09-30'),
	(117, 201709302217241, 204, 1, 1, 1, '2017-09-30'),
	(118, 201709302219291, 60, 1, 1, 1, '2017-09-30'),
	(119, 201709302219481, 401, 1, 1, 1, '2017-09-30'),
	(120, 201709302242261, 632, 1, 1, 1, '2017-09-30'),
	(121, 201709302242261, 658, 1, 1, 1, '2017-09-30'),
	(122, 201709302242261, 401, 1, 1, 1, '2017-09-30'),
	(123, 201709302242261, 206, 1, 1, 1, '2017-09-30'),
	(124, 201709302242261, 204, 1, 1, 1, '2017-09-30');
/*!40000 ALTER TABLE `inventario_facturado` ENABLE KEYS */;

-- Volcando estructura para tabla qm.ot
CREATE TABLE IF NOT EXISTS `ot` (
  `id` int(11) NOT NULL AUTO_INCREMENT,
  `id_vehiculo` int(11) NOT NULL,
  `tipo_servicio` varchar(255) NOT NULL,
  `area_afectada` varchar(255) NOT NULL,
  `tipo_trabajo` varchar(255) NOT NULL,
  `recorrido` int(20) NOT NULL,
  `costo` int(11) NOT NULL,
  `abierta` int(11) NOT NULL,
  `activa` int(11) NOT NULL,
  `empresa` int(11) NOT NULL,
  `usuario` int(11) NOT NULL,
  `fecha_a` datetime NOT NULL,
  `fecha_c` datetime DEFAULT NULL,
  PRIMARY KEY (`id`)
) ENGINE=InnoDB AUTO_INCREMENT=25 DEFAULT CHARSET=latin1;

-- Volcando datos para la tabla qm.ot: ~10 rows (aproximadamente)
/*!40000 ALTER TABLE `ot` DISABLE KEYS */;
INSERT INTO `ot` (`id`, `id_vehiculo`, `tipo_servicio`, `area_afectada`, `tipo_trabajo`, `recorrido`, `costo`, `abierta`, `activa`, `empresa`, `usuario`, `fecha_a`, `fecha_c`) VALUES
	(15, 14, 'DiagnÃ³stico', 'Sistema ElestrÃ³nico,SuspensiÃ³n,Frenos', 'MecÃ¡nico', 89246, 362444, 1, 1, 1, 1, '0000-00-00 00:00:00', '0000-00-00 00:00:00'),
	(16, 5, 'Reacondioamiento', 'Frenos', 'Electrico', 5875748, 500, 1, 1, 1, 1, '2017-07-01 09:23:16', '0000-00-00 00:00:00'),
	(17, 9, 'ReparaciÃ³n Mayor', 'SuspensiÃ³n,DirecciÃ³n,Frenos', 'MecÃ¡nico', 89500, 7500, 0, 1, 1, 1, '2017-06-29 00:00:00', '2017-07-07 15:48:23'),
	(18, 5, 'ReparaciÃ³n Mayor', 'Motor', 'MecÃ¡nico,Electromecanico', 890500, 12500, 1, 1, 1, 1, '2017-06-29 22:48:36', NULL),
	(19, 7, 'DiagnÃ³stico', 'Motor', 'Electrico', 78522, 5800, 1, 1, 1, 1, '2017-07-02 22:22:55', NULL),
	(20, 7, 'ReparaciÃ³n Menor', 'Sistema ElestrÃ³nico', 'Electronico', 589000, 1200, 1, 1, 1, 1, '2017-07-02 22:23:42', NULL),
	(21, 7, 'ReparaciÃ³n Mayor', 'Sistema ElÃ©ctrico', 'MecÃ¡nico,Electromecanico', 4822000, 1200, 1, 1, 1, 1, '2017-07-05 23:48:03', NULL),
	(22, 14, 'Mantenimiento Menor', 'Sistema ElÃ©ctrico', 'MecÃ¡nico,Electromecanico', 4822000, 1000, 1, 1, 1, 1, '2017-07-05 23:48:42', NULL),
	(23, 9, 'ReparaciÃ³n Mayor', 'SuspensiÃ³n', 'MecÃ¡nico', 1688865, 2500, 1, 1, 1, 1, '2017-07-06 21:38:10', '2017-07-07 15:48:31'),
	(24, 7, 'Reacondicionamiento', 'Motor', 'MecÃ¡nico', 500000000, 5000, 1, 1, 1, 1, '2017-09-14 17:52:47', NULL);
/*!40000 ALTER TABLE `ot` ENABLE KEYS */;

-- Volcando estructura para tabla qm.repuesto
CREATE TABLE IF NOT EXISTS `repuesto` (
  `id` int(11) NOT NULL AUTO_INCREMENT,
  `id_inventario` int(11) NOT NULL,
  `ot` int(11) NOT NULL,
  `cantidad` int(11) NOT NULL,
  `empresa` int(11) NOT NULL,
  `usuario` int(11) NOT NULL,
  PRIMARY KEY (`id`)
) ENGINE=InnoDB AUTO_INCREMENT=25 DEFAULT CHARSET=latin1;

-- Volcando datos para la tabla qm.repuesto: ~3 rows (aproximadamente)
/*!40000 ALTER TABLE `repuesto` DISABLE KEYS */;
INSERT INTO `repuesto` (`id`, `id_inventario`, `ot`, `cantidad`, `empresa`, `usuario`) VALUES
	(22, 26, 15, 9, 1, 1),
	(23, 739, 15, 1, 1, 1),
	(24, 463, 15, 5, 1, 1);
/*!40000 ALTER TABLE `repuesto` ENABLE KEYS */;

-- Volcando estructura para tabla qm.servicios_ot
CREATE TABLE IF NOT EXISTS `servicios_ot` (
  `id` int(11) NOT NULL AUTO_INCREMENT,
  `id_ot` int(11) NOT NULL,
  `servicios` varchar(255) NOT NULL,
  `costo` int(11) NOT NULL,
  PRIMARY KEY (`id`)
) ENGINE=InnoDB DEFAULT CHARSET=latin1;

-- Volcando datos para la tabla qm.servicios_ot: ~0 rows (aproximadamente)
/*!40000 ALTER TABLE `servicios_ot` DISABLE KEYS */;
/*!40000 ALTER TABLE `servicios_ot` ENABLE KEYS */;

-- Volcando estructura para tabla qm.usuario
CREATE TABLE IF NOT EXISTS `usuario` (
  `id` int(11) NOT NULL AUTO_INCREMENT,
  `usuario` varchar(255) NOT NULL,
  `clave` varchar(255) NOT NULL,
  `admin` int(11) NOT NULL,
  `vez` int(11) NOT NULL,
  `activo` int(11) NOT NULL,
  `ip` varchar(20) NOT NULL,
  `id_empresa` int(11) NOT NULL,
  PRIMARY KEY (`id`)
) ENGINE=InnoDB AUTO_INCREMENT=4 DEFAULT CHARSET=latin1;

-- Volcando datos para la tabla qm.usuario: ~3 rows (aproximadamente)
/*!40000 ALTER TABLE `usuario` DISABLE KEYS */;
INSERT INTO `usuario` (`id`, `usuario`, `clave`, `admin`, `vez`, `activo`, `ip`, `id_empresa`) VALUES
	(1, 'samuel', 'MTIz', 1, 1, 1, '138.117.7.100', 1),
	(2, 'Merlyn', 'MTIz', 0, 1, 1, '192.168.123.6', 1),
	(3, 'msamuel', 'MzIx', 1, 1, 1, '192.168.123.6', 3);
/*!40000 ALTER TABLE `usuario` ENABLE KEYS */;

-- Volcando estructura para tabla qm.vehiculo
CREATE TABLE IF NOT EXISTS `vehiculo` (
  `id` int(11) NOT NULL AUTO_INCREMENT,
  `id_empresa` int(11) NOT NULL,
  `id_cliente` int(11) NOT NULL,
  `marca` varchar(255) NOT NULL,
  `modelo` varchar(255) NOT NULL,
  `color` varchar(255) NOT NULL,
  `placa` varchar(255) NOT NULL,
  `motor` varchar(255) NOT NULL,
  `chasis` varchar(255) NOT NULL,
  `recorrido` varchar(255) NOT NULL,
  `cilindros` varchar(255) NOT NULL,
  `transmision` varchar(255) NOT NULL,
  `tipo_motor` varchar(255) NOT NULL,
  `uso` varchar(255) NOT NULL,
  `activo` int(11) NOT NULL,
  `fecha_a` datetime NOT NULL,
  PRIMARY KEY (`id`)
) ENGINE=InnoDB AUTO_INCREMENT=17 DEFAULT CHARSET=latin1;

-- Volcando datos para la tabla qm.vehiculo: ~15 rows (aproximadamente)
/*!40000 ALTER TABLE `vehiculo` DISABLE KEYS */;
INSERT INTO `vehiculo` (`id`, `id_empresa`, `id_cliente`, `marca`, `modelo`, `color`, `placa`, `motor`, `chasis`, `recorrido`, `cilindros`, `transmision`, `tipo_motor`, `uso`, `activo`, `fecha_a`) VALUES
	(1, 1, 3, 'dodge', 'Challeger', 'Rojo Mate', 'M 10245', '1234567890-', '1QAZW24567GG', '12345678 KM', '8 cilindros en V', 'automatica', 'motor gasolina/Inyectado', 'Personal', 1, '0000-00-00 00:00:00'),
	(2, 1, 3, 'Dodge', 'Viper SRT10', 'Negro multicolor', 'M82016', 'DHDOSLKN102', 'OSKJDNFKJSND8912I0', '105466 KM', '8 cilindros en V', 'automatica', '', 'Personal', 1, '0000-00-00 00:00:00'),
	(3, 1, 3, 'Ferrari', 'Enzo', 'rojo multicolor', 'M 52446', '234567890-098765', '34567890-0987654', '57853 MI', '8 cilindros en V', '', '', '', 1, '0000-00-00 00:00:00'),
	(5, 1, 7, 'Chevrolet', 'Camaro SS', 'Amarillo negro', 'GR 852589', '345678986543', '23456789FGHJK123', '890500 km', '8 cilindros en V', 'automatica', 'motor gasolina/convencional', 'Selectivo', 1, '0000-00-00 00:00:00'),
	(6, 1, 5, 'BMW', 'X6', 'naranja multicolor', 'M 52545', '98U329Y84HIOKNN', '1329JROFWIENF', '12365269582 KM', '6 cilindros/lineales', 'automatica', 'motor gasolina/Inyectado', 'Selectivo', 1, '0000-00-00 00:00:00'),
	(7, 1, 7, 'Nissan', 'Sentra B14', 'Rojo', 'M 042421', '2345678UJNB VFGYHJ', 'MBVFCDFRTY0987', '500000000', '4 cilindro/lineales', 'manual', 'motor gasolina/Inyectado', 'Personal', 1, '0000-00-00 00:00:00'),
	(8, 1, 0, '', '', '', '', '', '', '11', '', '', '', '', 0, '0000-00-00 00:00:00'),
	(9, 1, 15, 'Dodge', 'Viper', 'Rojo', 'M 10676', '234567UJHBVFR56789', '45678IKMN BGHYU89', '1688865', '8 cilindros en V', 'manual', 'motor gasolina/Inyectado', 'Personal', 1, '0000-00-00 00:00:00'),
	(10, 1, 51, 'prueba final auto', 'qewrtyuiki', 'wertyuio', 'wertyuki', 'wertyujkil', 'wertyuiol', 'wqertyuio', '6 cilindros/lineales', 'manual', 'motor gasolina/Inyectado', 'Personal', 1, '0000-00-00 00:00:00'),
	(11, 1, 53, 'vehÃ­culo prueba 2', '3eretgfds', 'fgbnhgfds', 'adfghjkhg', 'fdsfghtyjuki', 'lkujyhgfdsfghyjukilkujyh', '', '8 cilindros en V', 'manual', 'motor gasolina/Inyectado', 'Personal', 0, '0000-00-00 00:00:00'),
	(12, 2, 54, 'ferrari', 'laferrari', 'rojo mate', 'EL 12423', 'R567UIKJMNBGY7890O', '789OLK,MNHJUI', '856789 MI', '6 cilindros/lineales', 'automatica', 'motor gasolina/Inyectado', 'Personal', 1, '0000-00-00 00:00:00'),
	(13, 1, 55, 'Suzuki', 'BIT', 'blanco', 'M 12540', 'MMKIKMNKJNBHYGVCF', 'ERTYUIKMNBVFTYUI-456789', '120,000 MI', '1 cilindro', 'manual', 'motor gasolina/convencional', 'Personal', 1, '0000-00-00 00:00:00'),
	(14, 1, 7, 'Bajaj', 'Pulsar 200 NS', 'Roja', 'M 20152', 'ERTYUIKMGTY6789', 'T678I9OL,MNHY7U8', '4822000 KM', '1 cilindro', 'manual', 'motor gasolina/convencional', 'Personal', 1, '0000-00-00 00:00:00'),
	(15, 3, 56, 'Toyota', 'Corolla 1999', 'Beige', 'M 179 250', 'JMSDKFJB0SJK238EDK2', 'KLNSDFI892309FD82 0-238I', '158806910 KM', '4 cilindro/lineales', 'automatica', 'motor gasolina/Inyectado', 'Personal', 1, '0000-00-00 00:00:00'),
	(16, 1, 60, 'Toyota', 'Celica', 'Negro Mate', 'M16506', '456789opl', '4567890-', '23456789', '4 cilindro/lineales', 'automatica', 'motor gasolina/Inyectado', 'Personal', 1, '2017-09-14 18:09:09');
/*!40000 ALTER TABLE `vehiculo` ENABLE KEYS */;

-- Volcando estructura para tabla qm.ventanas
CREATE TABLE IF NOT EXISTS `ventanas` (
  `id` int(11) NOT NULL AUTO_INCREMENT,
  `id_usuario` int(11) NOT NULL,
  `inicio` int(11) NOT NULL,
  `clientes` int(11) NOT NULL,
  `vehiculos` int(11) NOT NULL,
  `orden` int(11) NOT NULL,
  `inventario` int(11) NOT NULL,
  `configuracion` int(11) NOT NULL,
  PRIMARY KEY (`id`)
) ENGINE=InnoDB AUTO_INCREMENT=4 DEFAULT CHARSET=latin1;

-- Volcando datos para la tabla qm.ventanas: ~3 rows (aproximadamente)
/*!40000 ALTER TABLE `ventanas` DISABLE KEYS */;
INSERT INTO `ventanas` (`id`, `id_usuario`, `inicio`, `clientes`, `vehiculos`, `orden`, `inventario`, `configuracion`) VALUES
	(1, 2, 1, 1, 1, 1, 1, 0),
	(2, 1, 1, 1, 1, 1, 1, 1),
	(3, 3, 1, 1, 1, 1, 1, 1);
/*!40000 ALTER TABLE `ventanas` ENABLE KEYS */;

/*!40101 SET SQL_MODE=IFNULL(@OLD_SQL_MODE, '') */;
/*!40014 SET FOREIGN_KEY_CHECKS=IF(@OLD_FOREIGN_KEY_CHECKS IS NULL, 1, @OLD_FOREIGN_KEY_CHECKS) */;
/*!40101 SET CHARACTER_SET_CLIENT=@OLD_CHARACTER_SET_CLIENT */;
